Workbook

Sheet base
A1: Date/Time | B1: Faixa | C1: Store Code | D1: Store Name | E1: Device Code | F1: Device Name | G1: Sessions | H1: Aparelho | I1: Tipo | J1: Rede | K1: 80/20 | L1: Shopping | M1: Visibilidade | N1: Regional
A2: 46113.417 | B2: =MOD(Table_Sheet1[[#This Row],[Date/Time]],1) -> 0.41666667 | C2: SPC11232 | D2: CASAS BAHIA - PRACA FLORIANO PEIXOTO, 38 - ZONA COMERCIAL - SPC11232 | E2: Edge60Fusion256_SPC11232 | F2: Edge60Fusion256_SPC11232 | G2: 2 | H2: =VLOOKUP(Table_Sheet1[[#This Row],[Device Name]],'[1]AParelhos_&_LOJAS'!$C:$H,6,0) -> Edge 60 Fusion | I2: =VLOOKUP(Table_Sheet1[[#This Row],[Device Name]],'[1]AParelhos_&_LOJAS'!$C:$I,7,0) -> 256 GB | J2: =VLOOKUP(Table_Sheet1[[#This Row],[Store Name]],'lojas comp prom'!B:T,19,0) -> CASAS BAHIA | K2: =VLOOKUP(Table_Sheet1[[#This Row],[Store Name]],'lojas comp prom'!B:Z,25,0) -> 80 | L2: =VLOOKUP(Table_Sheet1[[#This Row],[Store Name]],'lojas comp prom'!B:S,18,0) -> Loja De Rua | M2: =VLOOKUP(Table_Sheet1[[#This Row],[Store Name]],'lojas comp prom'!B:AA,26,0) -> 0 | N2: =VLOOKUP(Table_Sheet1[[#This Row],[Store Name]],'lojas comp prom'!B:L,11,0) -> SPC
A3: 46113.417 | B3: =MOD(Table_Sheet1[[#This Row],[Date/Time]],1) -> 0.41666667 | C3: SPC11232 | D3: CASAS BAHIA - PRACA FLORIANO PEIXOTO, 38 - ZONA COMERCIAL - SPC11232 | E3: G05256_SPC11232 | F3: G05256_SPC11232 | G3: 2 | H3: =VLOOKUP(Table_Sheet1[[#This Row],[Device Name]],'[1]AParelhos_&_LOJAS'!$C:$H,6,0) -> G05 | I3: =VLOOKUP(Table_Sheet1[[#This Row],[Device Name]],'[1]AParelhos_&_LOJAS'!$C:$I,7,0) -> 256 GB | J3: =VLOOKUP(Table_Sheet1[[#This Row],[Store Name]],'lojas comp prom'!B:T,19,0) -> CASAS BAHIA | K3: =VLOOKUP(Table_Sheet1[[#This Row],[Store Name]],'lojas comp prom'!B:Z,25,0) -> 80 | L3: =VLOOKUP(Table_Sheet1[[#This Row],[Store Name]],'lojas comp prom'!B:S,18,0) -> Loja De Rua | M3: =VLOOKUP(Table_Sheet1[[#This Row],[Store Name]],'lojas comp prom'!B:AA,26,0) -> 0 | N3: =VLOOKUP(Table_Sheet1[[#This Row],[Store Name]],'lojas comp prom'!B:L,11,0) -> SPC
A4: 46113.417 | B4: =MOD(Table_Sheet1[[#This Row],[Date/Time]],1) -> 0.41666667 | C4: SPC11232 | D4: CASAS BAHIA - PRACA FLORIANO PEIXOTO, 38 - ZONA COMERCIAL - SPC11232 | E4: G06128_SPC11232 | F4: G06128_SPC11232 | G4: 2 | H4: =VLOOKUP(Table_Sheet1[[#This Row],[Device Name]],'[1]AParelhos_&_LOJAS'!$C:$H,6,0) -> G06 | I4: =VLOOKUP(Table_Sheet1[[#This Row],[Device Name]],'[1]AParelhos_&_LOJAS'!$C:$I,7,0) -> 128 GB | J4: =VLOOKUP(Table_Sheet1[[#This Row],[Store Name]],'lojas comp prom'!B:T,19,0) -> CASAS BAHIA | K4: =VLOOKUP(Table_Sheet1[[#This Row],[Store Name]],'lojas comp prom'!B:Z,25,0) -> 80 | L4: =VLOOKUP(Table_Sheet1[[#This Row],[Store Name]],'lojas comp prom'!B:S,18,0) -> Loja De Rua | M4: =VLOOKUP(Table_Sheet1[[#This Row],[Store Name]],'lojas comp prom'!B:AA,26,0) -> 0 | N4: =VLOOKUP(Table_Sheet1[[#This Row],[Store Name]],'lojas comp prom'!B:L,11,0) -> SPC
A5: 46113.417 | B5: =MOD(Table_Sheet1[[#This Row],[Date/Time]],1) -> 0.41666667 | C5: SPC11232 | D5: CASAS BAHIA - PRACA FLORIANO PEIXOTO, 38 - ZONA COMERCIAL - SPC11232 | E5: G06256_SPC11232 | F5: G06256_SPC11232 | G5: 1 | H5: =VLOOKUP(Table_Sheet1[[#This Row],[Device Name]],'[1]AParelhos_&_LOJAS'!$C:$H,6,0) -> G06 | I5: =VLOOKUP(Table_Sheet1[[#This Row],[Device Name]],'[1]AParelhos_&_LOJAS'!$C:$I,7,0) -> 256 GB | J5: =VLOOKUP(Table_Sheet1[[#This Row],[Store Name]],'lojas comp prom'!B:T,19,0) -> CASAS BAHIA | K5: =VLOOKUP(Table_Sheet1[[#This Row],[Store Name]],'lojas comp prom'!B:Z,25,0) -> 80 | L5: =VLOOKUP(Table_Sheet1[[#This Row],[Store Name]],'lojas comp prom'!B:S,18,0) -> Loja De Rua | M5: =VLOOKUP(Table_Sheet1[[#This Row],[Store Name]],'lojas comp prom'!B:AA,26,0) -> 0 | N5: =VLOOKUP(Table_Sheet1[[#This Row],[Store Name]],'lojas comp prom'!B:L,11,0) -> SPC
A6: 46113.417 | B6: =MOD(Table_Sheet1[[#This Row],[Date/Time]],1) -> 0.41666667 | C6: SPC11232 | D6: CASAS BAHIA - PRACA FLORIANO PEIXOTO, 38 - ZONA COMERCIAL - SPC11232 | E6: G17256_SPC11232 | F6: G17256_SPC11232 | G6: 2 | H6: =VLOOKUP(Table_Sheet1[[#This Row],[Device Name]],'[1]AParelhos_&_LOJAS'!$C:$H,6,0) -> G17 | I6: =VLOOKUP(Table_Sheet1[[#This Row],[Device Name]],'[1]AParelhos_&_LOJAS'!$C:$I,7,0) -> 256 GB | J6: =VLOOKUP(Table_Sheet1[[#This Row],[Store Name]],'lojas comp prom'!B:T,19,0) -> CASAS BAHIA | K6: =VLOOKUP(Table_Sheet1[[#This Row],[Store Name]],'lojas comp prom'!B:Z,25,0) -> 80 | L6: =VLOOKUP(Table_Sheet1[[#This Row],[Store Name]],'lojas comp prom'!B:S,18,0) -> Loja De Rua | M6: =VLOOKUP(Table_Sheet1[[#This Row],[Store Name]],'lojas comp prom'!B:AA,26,0) -> 0 | N6: =VLOOKUP(Table_Sheet1[[#This Row],[Store Name]],'lojas comp prom'!B:L,11,0) -> SPC
A7: 46113.417 | B7: =MOD(Table_Sheet1[[#This Row],[Date/Time]],1) -> 0.41666667 | C7: SPC287350 | D7: CASAS BAHIA - AVENIDA NACOES UNIDAS, 12995 - SPC287350 | E7: G56256_SPC287350 | F7: G56256_SPC287350 | G7: 1 | H7: =VLOOKUP(Table_Sheet1[[#This Row],[Device Name]],'[1]AParelhos_&_LOJAS'!$C:$H,6,0) -> G56 | I7: =VLOOKUP(Table_Sheet1[[#This Row],[Device Name]],'[1]AParelhos_&_LOJAS'!$C:$I,7,0) -> 256 GB | J7: =VLOOKUP(Table_Sheet1[[#This Row],[Store Name]],'lojas comp prom'!B:T,19,0) -> CASAS BAHIA | K7: =VLOOKUP(Table_Sheet1[[#This Row],[Store Name]],'lojas comp prom'!B:Z,25,0) -> 80 | L7: =VLOOKUP(Table_Sheet1[[#This Row],[Store Name]],'lojas comp prom'!B:S,18,0) -> Loja De Rua | M7: =VLOOKUP(Table_Sheet1[[#This Row],[Store Name]],'lojas comp prom'!B:AA,26,0) -> 0 | N7: =VLOOKUP(Table_Sheet1[[#This Row],[Store Name]],'lojas comp prom'!B:L,11,0) -> SPC
A8: 46113.417 | B8: =MOD(Table_Sheet1[[#This Row],[Date/Time]],1) -> 0.41666667 | C8: SPC7612 | D8: PONTO FRIO - AVENIDA INTERLAGOS, 2255 - SHOPPING INTERLAGOS - SPC7612 | E8: Edge50Fusion256_SPC7612 | F8: Edge50Fusion256_SPC7612 | G8: 1 | H8: =VLOOKUP(Table_Sheet1[[#This Row],[Device Name]],'[1]AParelhos_&_LOJAS'!$C:$H,6,0) -> Edge 50 Fusion | I8: =VLOOKUP(Table_Sheet1[[#This Row],[Device Name]],'[1]AParelhos_&_LOJAS'!$C:$I,7,0) -> 256 GB | J8: =VLOOKUP(Table_Sheet1[[#This Row],[Store Name]],'lojas comp prom'!B:T,19,0) -> PONTO FRIO | K8: =VLOOKUP(Table_Sheet1[[#This Row],[Store Name]],'lojas comp prom'!B:Z,25,0) -> 80 | L8: =VLOOKUP(Table_Sheet1[[#This Row],[Store Name]],'lojas comp prom'!B:S,18,0) -> Shopping Interlagos | M8: =VLOOKUP(Table_Sheet1[[#This Row],[Store Name]],'lojas comp prom'!B:AA,26,0) -> 0 | N8: =VLOOKUP(Table_Sheet1[[#This Row],[Store Name]],'lojas comp prom'!B:L,11,0) -> SPC
A9: 46113.417 | B9: =MOD(Table_Sheet1[[#This Row],[Date/Time]],1) -> 0.41666667 | C9: SPC7612 | D9: PONTO FRIO - AVENIDA INTERLAGOS, 2255 - SHOPPING INTERLAGOS - SPC7612 | E9: Edge60Fusion256_SPC7612 | F9: Edge60Fusion256_SPC7612 | G9: 1 | H9: =VLOOKUP(Table_Sheet1[[#This Row],[Device Name]],'[1]AParelhos_&_LOJAS'!$C:$H,6,0) -> Edge 60 Fusion | I9: =VLOOKUP(Table_Sheet1[[#This Row],[Device Name]],'[1]AParelhos_&_LOJAS'!$C:$I,7,0) -> 256 GB | J9: =VLOOKUP(Table_Sheet1[[#This Row],[Store Name]],'lojas comp prom'!B:T,19,0) -> PONTO FRIO | K9: =VLOOKUP(Table_Sheet1[[#This Row],[Store Name]],'lojas comp prom'!B:Z,25,0) -> 80 | L9: =VLOOKUP(Table_Sheet1[[#This Row],[Store Name]],'lojas comp prom'!B:S,18,0) -> Shopping Interlagos | M9: =VLOOKUP(Table_Sheet1[[#This Row],[Store Name]],'lojas comp prom'!B:AA,26,0) -> 0 | N9: =VLOOKUP(Table_Sheet1[[#This Row],[Store Name]],'lojas comp prom'!B:L,11,0) -> SPC
A10: 46113.417 | B10: =MOD(Table_Sheet1[[#This Row],[Date/Time]],1) -> 0.41666667 | C10: SPC7612 | D10: PONTO FRIO - AVENIDA INTERLAGOS, 2255 - SHOPPING INTERLAGOS - SPC7612 | E10: G05256_SPC7612 | F10: G05256_SPC7612 | G10: 1 | H10: =VLOOKUP(Table_Sheet1[[#This Row],[Device Name]],'[1]AParelhos_&_LOJAS'!$C:$H,6,0) -> G05 | I10: =VLOOKUP(Table_Sheet1[[#This Row],[Device Name]],'[1]AParelhos_&_LOJAS'!$C:$I,7,0) -> 256 GB | J10: =VLOOKUP(Table_Sheet1[[#This Row],[Store Name]],'lojas comp prom'!B:T,19,0) -> PONTO FRIO | K10: =VLOOKUP(Table_Sheet1[[#This Row],[Store Name]],'lojas comp prom'!B:Z,25,0) -> 80 | L10: =VLOOKUP(Table_Sheet1[[#This Row],[Store Name]],'lojas comp prom'!B:S,18,0) -> Shopping Interlagos | M10: =VLOOKUP(Table_Sheet1[[#This Row],[Store Name]],'lojas comp prom'!B:AA,26,0) -> 0 | N10: =VLOOKUP(Table_Sheet1[[#This Row],[Store Name]],'lojas comp prom'!B:L,11,0) -> SPC
A11: 46113.417 | B11: =MOD(Table_Sheet1[[#This Row],[Date/Time]],1) -> 0.41666667 | C11: SPC7612 | D11: PONTO FRIO - AVENIDA INTERLAGOS, 2255 - SHOPPING INTERLAGOS - SPC7612 | E11: G06128_SPC7612 | F11: G06128_SPC7612 | G11: 1 | H11: =VLOOKUP(Table_Sheet1[[#This Row],[Device Name]],'[1]AParelhos_&_LOJAS'!$C:$H,6,0) -> G06 | I11: =VLOOKUP(Table_Sheet1[[#This Row],[Device Name]],'[1]AParelhos_&_LOJAS'!$C:$I,7,0) -> 128 GB | J11: =VLOOKUP(Table_Sheet1[[#This Row],[Store Name]],'lojas comp prom'!B:T,19,0) -> PONTO FRIO | K11: =VLOOKUP(Table_Sheet1[[#This Row],[Store Name]],'lojas comp prom'!B:Z,25,0) -> 80 | L11: =VLOOKUP(Table_Sheet1[[#This Row],[Store Name]],'lojas comp prom'!B:S,18,0) -> Shopping Interlagos | M11: =VLOOKUP(Table_Sheet1[[#This Row],[Store Name]],'lojas comp prom'!B:AA,26,0) -> 0 | N11: =VLOOKUP(Table_Sheet1[[#This Row],[Store Name]],'lojas comp prom'!B:L,11,0) -> SPC
A12: 46113.417 | B12: =MOD(Table_Sheet1[[#This Row],[Date/Time]],1) -> 0.41666667 | C12: SPC7612 | D12: PONTO FRIO - AVENIDA INTERLAGOS, 2255 - SHOPPING INTERLAGOS - SPC7612 | E12: G17128_SPC7612 | F12: G17128_SPC7612 | G12: 1 | H12: =VLOOKUP(Table_Sheet1[[#This Row],[Device Name]],'[1]AParelhos_&_LOJAS'!$C:$H,6,0) -> G17 | I12: =VLOOKUP(Table_Sheet1[[#This Row],[Device Name]],'[1]AParelhos_&_LOJAS'!$C:$I,7,0) -> 128 GB | J12: =VLOOKUP(Table_Sheet1[[#This Row],[Store Name]],'lojas comp prom'!B:T,19,0) -> PONTO FRIO | K12: =VLOOKUP(Table_Sheet1[[#This Row],[Store Name]],'lojas comp prom'!B:Z,25,0) -> 80 | L12: =VLOOKUP(Table_Sheet1[[#This Row],[Store Name]],'lojas comp prom'!B:S,18,0) -> Shopping Interlagos | M12: =VLOOKUP(Table_Sheet1[[#This Row],[Store Name]],'lojas comp prom'!B:AA,26,0) -> 0 | N12: =VLOOKUP(Table_Sheet1[[#This Row],[Store Name]],'lojas comp prom'!B:L,11,0) -> SPC
A13: 46113.417 | B13: =MOD(Table_Sheet1[[#This Row],[Date/Time]],1) -> 0.41666667 | C13: SPC7612 | D13: PONTO FRIO - AVENIDA INTERLAGOS, 2255 - SHOPPING INTERLAGOS - SPC7612 | E13: Razr50Ultra512_SPC7612 | F13: Razr50Ultra512_SPC7612 | G13: 1 | H13: =VLOOKUP(Table_Sheet1[[#This Row],[Device Name]],'[1]AParelhos_&_LOJAS'!$C:$H,6,0) -> Razr 50 Ultra | I13: =VLOOKUP(Table_Sheet1[[#This Row],[Device Name]],'[1]AParelhos_&_LOJAS'!$C:$I,7,0) -> 512 GB | J13: =VLOOKUP(Table_Sheet1[[#This Row],[Store Name]],'lojas comp prom'!B:T,19,0) -> PONTO FRIO | K13: =VLOOKUP(Table_Sheet1[[#This Row],[Store Name]],'lojas comp prom'!B:Z,25,0) -> 80 | L13: =VLOOKUP(Table_Sheet1[[#This Row],[Store Name]],'lojas comp prom'!B:S,18,0) -> Shopping Interlagos | M13: =VLOOKUP(Table_Sheet1[[#This Row],[Store Name]],'lojas comp prom'!B:AA,26,0) -> 0 | N13: =VLOOKUP(Table_Sheet1[[#This Row],[Store Name]],'lojas comp prom'!B:L,11,0) -> SPC
A14: 46113.417 | B14: =MOD(Table_Sheet1[[#This Row],[Date/Time]],1) -> 0.41666667 | C14: SPC7614 | D14: LOJAS AMERICANAS - AVENIDA INTERLAGOS, 2255 - SHOPPING INTERLAGOS - SPC7614 | E14: Edge60Pro256_SPC7614 | F14: Edge60Pro256_SPC7614 | G14: 2 | H14: Edge 60 Pro | I14: 256 GB | J14: =VLOOKUP(Table_Sheet1[[#This Row],[Store Name]],'lojas comp prom'!B:T,19,0) -> LOJAS AMERICANAS | K14: =VLOOKUP(Table_Sheet1[[#This Row],[Store Name]],'lojas comp prom'!B:Z,25,0) -> 80 | L14: =VLOOKUP(Table_Sheet1[[#This Row],[Store Name]],'lojas comp prom'!B:S,18,0) -> Shopping Interlagos | M14: =VLOOKUP(Table_Sheet1[[#This Row],[Store Name]],'lojas comp prom'!B:AA,26,0) -> 0 | N14: =VLOOKUP(Table_Sheet1[[#This Row],[Store Name]],'lojas comp prom'!B:L,11,0) -> SPC
A15: 46113.417 | B15: =MOD(Table_Sheet1[[#This Row],[Date/Time]],1) -> 0.41666667 | C15: SPC7614 | D15: LOJAS AMERICANAS - AVENIDA INTERLAGOS, 2255 - SHOPPING INTERLAGOS - SPC7614 | E15: G35256_SPC7614 | F15: G35256_SPC7614 | G15: 1 | H15: =VLOOKUP(Table_Sheet1[[#This Row],[Device Name]],'[1]AParelhos_&_LOJAS'!$C:$H,6,0) -> G35 | I15: =VLOOKUP(Table_Sheet1[[#This Row],[Device Name]],'[1]AParelhos_&_LOJAS'!$C:$I,7,0) -> 256 GB | J15: =VLOOKUP(Table_Sheet1[[#This Row],[Store Name]],'lojas comp prom'!B:T,19,0) -> LOJAS AMERICANAS | K15: =VLOOKUP(Table_Sheet1[[#This Row],[Store Name]],'lojas comp prom'!B:Z,25,0) -> 80 | L15: =VLOOKUP(Table_Sheet1[[#This Row],[Store Name]],'lojas comp prom'!B:S,18,0) -> Shopping Interlagos | M15: =VLOOKUP(Table_Sheet1[[#This Row],[Store Name]],'lojas comp prom'!B:AA,26,0) -> 0 | N15: =VLOOKUP(Table_Sheet1[[#This Row],[Store Name]],'lojas comp prom'!B:L,11,0) -> SPC
A16: 46113.417 | B16: =MOD(Table_Sheet1[[#This Row],[Date/Time]],1) -> 0.41666667 | C16: SPC7614 | D16: LOJAS AMERICANAS - AVENIDA INTERLAGOS, 2255 - SHOPPING INTERLAGOS - SPC7614 | E16: G86256_SPC7614 | F16: G86256_SPC7614 | G16: 1 | H16: =VLOOKUP(Table_Sheet1[[#This Row],[Device Name]],'[1]AParelhos_&_LOJAS'!$C:$H,6,0) -> G86 | I16: =VLOOKUP(Table_Sheet1[[#This Row],[Device Name]],'[1]AParelhos_&_LOJAS'!$C:$I,7,0) -> 256 GB | J16: =VLOOKUP(Table_Sheet1[[#This Row],[Store Name]],'lojas comp prom'!B:T,19,0) -> LOJAS AMERICANAS | K16: =VLOOKUP(Table_Sheet1[[#This Row],[Store Name]],'lojas comp prom'!B:Z,25,0) -> 80 | L16: =VLOOKUP(Table_Sheet1[[#This Row],[Store Name]],'lojas comp prom'!B:S,18,0) -> Shopping Interlagos | M16: =VLOOKUP(Table_Sheet1[[#This Row],[Store Name]],'lojas comp prom'!B:AA,26,0) -> 0 | N16: =VLOOKUP(Table_Sheet1[[#This Row],[Store Name]],'lojas comp prom'!B:L,11,0) -> SPC
A17: 46113.458 | B17: =MOD(Table_Sheet1[[#This Row],[Date/Time]],1) -> 0.45833333 | C17: SPC11232 | D17: CASAS BAHIA - PRACA FLORIANO PEIXOTO, 38 - ZONA COMERCIAL - SPC11232 | E17: Edge60Fusion256_SPC11232 | F17: Edge60Fusion256_SPC11232 | G17: 4 | H17: =VLOOKUP(Table_Sheet1[[#This Row],[Device Name]],'[1]AParelhos_&_LOJAS'!$C:$H,6,0) -> Edge 60 Fusion | I17: =VLOOKUP(Table_Sheet1[[#This Row],[Device Name]],'[1]AParelhos_&_LOJAS'!$C:$I,7,0) -> 256 GB | J17: =VLOOKUP(Table_Sheet1[[#This Row],[Store Name]],'lojas comp prom'!B:T,19,0) -> CASAS BAHIA | K17: =VLOOKUP(Table_Sheet1[[#This Row],[Store Name]],'lojas comp prom'!B:Z,25,0) -> 80 | L17: =VLOOKUP(Table_Sheet1[[#This Row],[Store Name]],'lojas comp prom'!B:S,18,0) -> Loja De Rua | M17: =VLOOKUP(Table_Sheet1[[#This Row],[Store Name]],'lojas comp prom'!B:AA,26,0) -> 0 | N17: =VLOOKUP(Table_Sheet1[[#This Row],[Store Name]],'lojas comp prom'!B:L,11,0) -> SPC
A18: 46113.458 | B18: =MOD(Table_Sheet1[[#This Row],[Date/Time]],1) -> 0.45833333 | C18: SPC11232 | D18: CASAS BAHIA - PRACA FLORIANO PEIXOTO, 38 - ZONA COMERCIAL - SPC11232 | E18: G06256_SPC11232 | F18: G06256_SPC11232 | G18: 5 | H18: =VLOOKUP(Table_Sheet1[[#This Row],[Device Name]],'[1]AParelhos_&_LOJAS'!$C:$H,6,0) -> G06 | I18: =VLOOKUP(Table_Sheet1[[#This Row],[Device Name]],'[1]AParelhos_&_LOJAS'!$C:$I,7,0) -> 256 GB | J18: =VLOOKUP(Table_Sheet1[[#This Row],[Store Name]],'lojas comp prom'!B:T,19,0) -> CASAS BAHIA | K18: =VLOOKUP(Table_Sheet1[[#This Row],[Store Name]],'lojas comp prom'!B:Z,25,0) -> 80 | L18: =VLOOKUP(Table_Sheet1[[#This Row],[Store Name]],'lojas comp prom'!B:S,18,0) -> Loja De Rua | M18: =VLOOKUP(Table_Sheet1[[#This Row],[Store Name]],'lojas comp prom'!B:AA,26,0) -> 0 | N18: =VLOOKUP(Table_Sheet1[[#This Row],[Store Name]],'lojas comp prom'!B:L,11,0) -> SPC
A19: 46113.458 | B19: =MOD(Table_Sheet1[[#This Row],[Date/Time]],1) -> 0.45833333 | C19: SPC11232 | D19: CASAS BAHIA - PRACA FLORIANO PEIXOTO, 38 - ZONA COMERCIAL - SPC11232 | E19: G86256_SPC11232 | F19: G86256_SPC11232 | G19: 1 | H19: =VLOOKUP(Table_Sheet1[[#This Row],[Device Name]],'[1]AParelhos_&_LOJAS'!$C:$H,6,0) -> G86 | I19: =VLOOKUP(Table_Sheet1[[#This Row],[Device Name]],'[1]AParelhos_&_LOJAS'!$C:$I,7,0) -> 256 GB | J19: =VLOOKUP(Table_Sheet1[[#This Row],[Store Name]],'lojas comp prom'!B:T,19,0) -> CASAS BAHIA | K19: =VLOOKUP(Table_Sheet1[[#This Row],[Store Name]],'lojas comp prom'!B:Z,25,0) -> 80 | L19: =VLOOKUP(Table_Sheet1[[#This Row],[Store Name]],'lojas comp prom'!B:S,18,0) -> Loja De Rua | M19: =VLOOKUP(Table_Sheet1[[#This Row],[Store Name]],'lojas comp prom'!B:AA,26,0) -> 0 | N19: =VLOOKUP(Table_Sheet1[[#This Row],[Store Name]],'lojas comp prom'!B:L,11,0) -> SPC
A20: 46113.458 | B20: =MOD(Table_Sheet1[[#This Row],[Date/Time]],1) -> 0.45833333 | C20: SPC11232 | D20: CASAS BAHIA - PRACA FLORIANO PEIXOTO, 38 - ZONA COMERCIAL - SPC11232 | E20: G86512_SPC11232 | F20: G86512_SPC11232 | G20: 1 | H20: =VLOOKUP(Table_Sheet1[[#This Row],[Device Name]],'[1]AParelhos_&_LOJAS'!$C:$H,6,0) -> G86 | I20: =VLOOKUP(Table_Sheet1[[#This Row],[Device Name]],'[1]AParelhos_&_LOJAS'!$C:$I,7,0) -> 512 GB | J20: =VLOOKUP(Table_Sheet1[[#This Row],[Store Name]],'lojas comp prom'!B:T,19,0) -> CASAS BAHIA | K20: =VLOOKUP(Table_Sheet1[[#This Row],[Store Name]],'lojas comp prom'!B:Z,25,0) -> 80 | L20: =VLOOKUP(Table_Sheet1[[#This Row],[Store Name]],'lojas comp prom'!B:S,18,0) -> Loja De Rua | M20: =VLOOKUP(Table_Sheet1[[#This Row],[Store Name]],'lojas comp prom'!B:AA,26,0) -> 0 | N20: =VLOOKUP(Table_Sheet1[[#This Row],[Store Name]],'lojas comp prom'!B:L,11,0) -> SPC
A21: 46113.458 | B21: =MOD(Table_Sheet1[[#This Row],[Date/Time]],1) -> 0.45833333 | C21: SPC252260 | D21: CASAS BAHIA - AVENIDA EMBAIXADOR MACEDO SOARES, 9175 - SPC252260 | E21: G06128_SPC252260 | F21: G06128_SPC252260 | G21: 3 | H21: =VLOOKUP(Table_Sheet1[[#This Row],[Device Name]],'[1]AParelhos_&_LOJAS'!$C:$H,6,0) -> G06 | I21: =VLOOKUP(Table_Sheet1[[#This Row],[Device Name]],'[1]AParelhos_&_LOJAS'!$C:$I,7,0) -> 128 GB | J21: =VLOOKUP(Table_Sheet1[[#This Row],[Store Name]],'lojas comp prom'!B:T,19,0) -> CASAS BAHIA | K21: =VLOOKUP(Table_Sheet1[[#This Row],[Store Name]],'lojas comp prom'!B:Z,25,0) -> 80 | L21: =VLOOKUP(Table_Sheet1[[#This Row],[Store Name]],'lojas comp prom'!B:S,18,0) -> Loja De Rua | M21: =VLOOKUP(Table_Sheet1[[#This Row],[Store Name]],'lojas comp prom'!B:AA,26,0) -> 0 | N21: =VLOOKUP(Table_Sheet1[[#This Row],[Store Name]],'lojas comp prom'!B:L,11,0) -> SPC
A22: 46113.458 | B22: =MOD(Table_Sheet1[[#This Row],[Date/Time]],1) -> 0.45833333 | C22: SPC252260 | D22: CASAS BAHIA - AVENIDA EMBAIXADOR MACEDO SOARES, 9175 - SPC252260 | E22: G15256_SPC252260 | F22: G15256_SPC252260 | G22: 3 | H22: =VLOOKUP(Table_Sheet1[[#This Row],[Device Name]],'[1]AParelhos_&_LOJAS'!$C:$H,6,0) -> G15 | I22: =VLOOKUP(Table_Sheet1[[#This Row],[Device Name]],'[1]AParelhos_&_LOJAS'!$C:$I,7,0) -> 256 GB | J22: =VLOOKUP(Table_Sheet1[[#This Row],[Store Name]],'lojas comp prom'!B:T,19,0) -> CASAS BAHIA | K22: =VLOOKUP(Table_Sheet1[[#This Row],[Store Name]],'lojas comp prom'!B:Z,25,0) -> 80 | L22: =VLOOKUP(Table_Sheet1[[#This Row],[Store Name]],'lojas comp prom'!B:S,18,0) -> Loja De Rua | M22: =VLOOKUP(Table_Sheet1[[#This Row],[Store Name]],'lojas comp prom'!B:AA,26,0) -> 0 | N22: =VLOOKUP(Table_Sheet1[[#This Row],[Store Name]],'lojas comp prom'!B:L,11,0) -> SPC
A23: 46113.458 | B23: =MOD(Table_Sheet1[[#This Row],[Date/Time]],1) -> 0.45833333 | C23: SPC252260 | D23: CASAS BAHIA - AVENIDA EMBAIXADOR MACEDO SOARES, 9175 - SPC252260 | E23: G56256_SPC252260 | F23: G56256_SPC252260 | G23: 1 | H23: =VLOOKUP(Table_Sheet1[[#This Row],[Device Name]],'[1]AParelhos_&_LOJAS'!$C:$H,6,0) -> G56 | I23: =VLOOKUP(Table_Sheet1[[#This Row],[Device Name]],'[1]AParelhos_&_LOJAS'!$C:$I,7,0) -> 256 GB | J23: =VLOOKUP(Table_Sheet1[[#This Row],[Store Name]],'lojas comp prom'!B:T,19,0) -> CASAS BAHIA | K23: =VLOOKUP(Table_Sheet1[[#This Row],[Store Name]],'lojas comp prom'!B:Z,25,0) -> 80 | L23: =VLOOKUP(Table_Sheet1[[#This Row],[Store Name]],'lojas comp prom'!B:S,18,0) -> Loja De Rua | M23: =VLOOKUP(Table_Sheet1[[#This Row],[Store Name]],'lojas comp prom'!B:AA,26,0) -> 0 | N23: =VLOOKUP(Table_Sheet1[[#This Row],[Store Name]],'lojas comp prom'!B:L,11,0) -> SPC
A24: 46113.458 | B24: =MOD(Table_Sheet1[[#This Row],[Date/Time]],1) -> 0.45833333 | C24: SPC252260 | D24: CASAS BAHIA - AVENIDA EMBAIXADOR MACEDO SOARES, 9175 - SPC252260 | E24: G75256_SPC252260 | F24: G75256_SPC252260 | G24: 3 | H24: =VLOOKUP(Table_Sheet1[[#This Row],[Device Name]],'[1]AParelhos_&_LOJAS'!$C:$H,6,0) -> G75 | I24: =VLOOKUP(Table_Sheet1[[#This Row],[Device Name]],'[1]AParelhos_&_LOJAS'!$C:$I,7,0) -> 256 GB | J24: =VLOOKUP(Table_Sheet1[[#This Row],[Store Name]],'lojas comp prom'!B:T,19,0) -> CASAS BAHIA | K24: =VLOOKUP(Table_Sheet1[[#This Row],[Store Name]],'lojas comp prom'!B:Z,25,0) -> 80 | L24: =VLOOKUP(Table_Sheet1[[#This Row],[Store Name]],'lojas comp prom'!B:S,18,0) -> Loja De Rua | M24: =VLOOKUP(Table_Sheet1[[#This Row],[Store Name]],'lojas comp prom'!B:AA,26,0) -> 0 | N24: =VLOOKUP(Table_Sheet1[[#This Row],[Store Name]],'lojas comp prom'!B:L,11,0) -> SPC
A25: 46113.458 | B25: =MOD(Table_Sheet1[[#This Row],[Date/Time]],1) -> 0.45833333 | C25: SPC252260 | D25: CASAS BAHIA - AVENIDA EMBAIXADOR MACEDO SOARES, 9175 - SPC252260 | E25: G86256_SPC252260 | F25: G86256_SPC252260 | G25: 3 | H25: =VLOOKUP(Table_Sheet1[[#This Row],[Device Name]],'[1]AParelhos_&_LOJAS'!$C:$H,6,0) -> G86 | I25: =VLOOKUP(Table_Sheet1[[#This Row],[Device Name]],'[1]AParelhos_&_LOJAS'!$C:$I,7,0) -> 256 GB | J25: =VLOOKUP(Table_Sheet1[[#This Row],[Store Name]],'lojas comp prom'!B:T,19,0) -> CASAS BAHIA | K25: =VLOOKUP(Table_Sheet1[[#This Row],[Store Name]],'lojas comp prom'!B:Z,25,0) -> 80 | L25: =VLOOKUP(Table_Sheet1[[#This Row],[Store Name]],'lojas comp prom'!B:S,18,0) -> Loja De Rua | M25: =VLOOKUP(Table_Sheet1[[#This Row],[Store Name]],'lojas comp prom'!B:AA,26,0) -> 0 | N25: =VLOOKUP(Table_Sheet1[[#This Row],[Store Name]],'lojas comp prom'!B:L,11,0) -> SPC
A26: 46113.458 | B26: =MOD(Table_Sheet1[[#This Row],[Date/Time]],1) -> 0.45833333 | C26: SPC287350 | D26: CASAS BAHIA - AVENIDA NACOES UNIDAS, 12995 - SPC287350 | E26: Edge60Pro256_SPC287350 | F26: Edge60Pro256_SPC287350 | G26: 2 | H26: Edge 60 Pro | I26: 256 GB | J26: =VLOOKUP(Table_Sheet1[[#This Row],[Store Name]],'lojas comp prom'!B:T,19,0) -> CASAS BAHIA | K26: =VLOOKUP(Table_Sheet1[[#This Row],[Store Name]],'lojas comp prom'!B:Z,25,0) -> 80 | L26: =VLOOKUP(Table_Sheet1[[#This Row],[Store Name]],'lojas comp prom'!B:S,18,0) -> Loja De Rua | M26: =VLOOKUP(Table_Sheet1[[#This Row],[Store Name]],'lojas comp prom'!B:AA,26,0) -> 0 | N26: =VLOOKUP(Table_Sheet1[[#This Row],[Store Name]],'lojas comp prom'!B:L,11,0) -> SPC
A27: 46113.458 | B27: =MOD(Table_Sheet1[[#This Row],[Date/Time]],1) -> 0.45833333 | C27: SPC7614 | D27: LOJAS AMERICANAS - AVENIDA INTERLAGOS, 2255 - SHOPPING INTERLAGOS - SPC7614 | E27: G67256_SPC7614 | F27: G67256_SPC7614 | G27: 1 | H27: =VLOOKUP(Table_Sheet1[[#This Row],[Device Name]],'[1]AParelhos_&_LOJAS'!$C:$H,6,0) -> G67 | I27: =VLOOKUP(Table_Sheet1[[#This Row],[Device Name]],'[1]AParelhos_&_LOJAS'!$C:$I,7,0) -> 256 GB | J27: =VLOOKUP(Table_Sheet1[[#This Row],[Store Name]],'lojas comp prom'!B:T,19,0) -> LOJAS AMERICANAS | K27: =VLOOKUP(Table_Sheet1[[#This Row],[Store Name]],'lojas comp prom'!B:Z,25,0) -> 80 | L27: =VLOOKUP(Table_Sheet1[[#This Row],[Store Name]],'lojas comp prom'!B:S,18,0) -> Shopping Interlagos | M27: =VLOOKUP(Table_Sheet1[[#This Row],[Store Name]],'lojas comp prom'!B:AA,26,0) -> 0 | N27: =VLOOKUP(Table_Sheet1[[#This Row],[Store Name]],'lojas comp prom'!B:L,11,0) -> SPC
A28: 46113.458 | B28: =MOD(Table_Sheet1[[#This Row],[Date/Time]],1) -> 0.45833333 | C28: SPC7614 | D28: LOJAS AMERICANAS - AVENIDA INTERLAGOS, 2255 - SHOPPING INTERLAGOS - SPC7614 | E28: G77256_SPC7614 | F28: G77256_SPC7614 | G28: 1 | H28: =VLOOKUP(Table_Sheet1[[#This Row],[Device Name]],'[1]AParelhos_&_LOJAS'!$C:$H,6,0) -> G77 | I28: =VLOOKUP(Table_Sheet1[[#This Row],[Device Name]],'[1]AParelhos_&_LOJAS'!$C:$I,7,0) -> 256 GB | J28: =VLOOKUP(Table_Sheet1[[#This Row],[Store Name]],'lojas comp prom'!B:T,19,0) -> LOJAS AMERICANAS | K28: =VLOOKUP(Table_Sheet1[[#This Row],[Store Name]],'lojas comp prom'!B:Z,25,0) -> 80 | L28: =VLOOKUP(Table_Sheet1[[#This Row],[Store Name]],'lojas comp prom'!B:S,18,0) -> Shopping Interlagos | M28: =VLOOKUP(Table_Sheet1[[#This Row],[Store Name]],'lojas comp prom'!B:AA,26,0) -> 0 | N28: =VLOOKUP(Table_Sheet1[[#This Row],[Store Name]],'lojas comp prom'!B:L,11,0) -> SPC
A29: 46113.5 | B29: =MOD(Table_Sheet1[[#This Row],[Date/Time]],1) -> 0.5 | C29: SPC11232 | D29: CASAS BAHIA - PRACA FLORIANO PEIXOTO, 38 - ZONA COMERCIAL - SPC11232 | E29: Edge60Fusion256_SPC11232 | F29: Edge60Fusion256_SPC11232 | G29: 1 | H29: =VLOOKUP(Table_Sheet1[[#This Row],[Device Name]],'[1]AParelhos_&_LOJAS'!$C:$H,6,0) -> Edge 60 Fusion | I29: =VLOOKUP(Table_Sheet1[[#This Row],[Device Name]],'[1]AParelhos_&_LOJAS'!$C:$I,7,0) -> 256 GB | J29: =VLOOKUP(Table_Sheet1[[#This Row],[Store Name]],'lojas comp prom'!B:T,19,0) -> CASAS BAHIA | K29: =VLOOKUP(Table_Sheet1[[#This Row],[Store Name]],'lojas comp prom'!B:Z,25,0) -> 80 | L29: =VLOOKUP(Table_Sheet1[[#This Row],[Store Name]],'lojas comp prom'!B:S,18,0) -> Loja De Rua | M29: =VLOOKUP(Table_Sheet1[[#This Row],[Store Name]],'lojas comp prom'!B:AA,26,0) -> 0 | N29: =VLOOKUP(Table_Sheet1[[#This Row],[Store Name]],'lojas comp prom'!B:L,11,0) -> SPC
A30: 46113.5 | B30: =MOD(Table_Sheet1[[#This Row],[Date/Time]],1) -> 0.5 | C30: SPC11232 | D30: CASAS BAHIA - PRACA FLORIANO PEIXOTO, 38 - ZONA COMERCIAL - SPC11232 | E30: Edge60Pro256_SPC11232_2 | F30: Edge60Pro256_SPC11232_2 | G30: 2 | H30: Edge 60 Pro | I30: 256 GB | J30: =VLOOKUP(Table_Sheet1[[#This Row],[Store Name]],'lojas comp prom'!B:T,19,0) -> CASAS BAHIA | K30: =VLOOKUP(Table_Sheet1[[#This Row],[Store Name]],'lojas comp prom'!B:Z,25,0) -> 80 | L30: =VLOOKUP(Table_Sheet1[[#This Row],[Store Name]],'lojas comp prom'!B:S,18,0) -> Loja De Rua | M30: =VLOOKUP(Table_Sheet1[[#This Row],[Store Name]],'lojas comp prom'!B:AA,26,0) -> 0 | N30: =VLOOKUP(Table_Sheet1[[#This Row],[Store Name]],'lojas comp prom'!B:L,11,0) -> SPC
A31: 46113.5 | B31: =MOD(Table_Sheet1[[#This Row],[Date/Time]],1) -> 0.5 | C31: SPC11232 | D31: CASAS BAHIA - PRACA FLORIANO PEIXOTO, 38 - ZONA COMERCIAL - SPC11232 | E31: G06128_SPC11232 | F31: G06128_SPC11232 | G31: 1 | H31: =VLOOKUP(Table_Sheet1[[#This Row],[Device Name]],'[1]AParelhos_&_LOJAS'!$C:$H,6,0) -> G06 | I31: =VLOOKUP(Table_Sheet1[[#This Row],[Device Name]],'[1]AParelhos_&_LOJAS'!$C:$I,7,0) -> 128 GB | J31: =VLOOKUP(Table_Sheet1[[#This Row],[Store Name]],'lojas comp prom'!B:T,19,0) -> CASAS BAHIA | K31: =VLOOKUP(Table_Sheet1[[#This Row],[Store Name]],'lojas comp prom'!B:Z,25,0) -> 80 | L31: =VLOOKUP(Table_Sheet1[[#This Row],[Store Name]],'lojas comp prom'!B:S,18,0) -> Loja De Rua | M31: =VLOOKUP(Table_Sheet1[[#This Row],[Store Name]],'lojas comp prom'!B:AA,26,0) -> 0 | N31: =VLOOKUP(Table_Sheet1[[#This Row],[Store Name]],'lojas comp prom'!B:L,11,0) -> SPC
A32: 46113.5 | B32: =MOD(Table_Sheet1[[#This Row],[Date/Time]],1) -> 0.5 | C32: SPC11232 | D32: CASAS BAHIA - PRACA FLORIANO PEIXOTO, 38 - ZONA COMERCIAL - SPC11232 | E32: G06256_SPC11232 | F32: G06256_SPC11232 | G32: 6 | H32: =VLOOKUP(Table_Sheet1[[#This Row],[Device Name]],'[1]AParelhos_&_LOJAS'!$C:$H,6,0) -> G06 | I32: =VLOOKUP(Table_Sheet1[[#This Row],[Device Name]],'[1]AParelhos_&_LOJAS'!$C:$I,7,0) -> 256 GB | J32: =VLOOKUP(Table_Sheet1[[#This Row],[Store Name]],'lojas comp prom'!B:T,19,0) -> CASAS BAHIA | K32: =VLOOKUP(Table_Sheet1[[#This Row],[Store Name]],'lojas comp prom'!B:Z,25,0) -> 80 | L32: =VLOOKUP(Table_Sheet1[[#This Row],[Store Name]],'lojas comp prom'!B:S,18,0) -> Loja De Rua | M32: =VLOOKUP(Table_Sheet1[[#This Row],[Store Name]],'lojas comp prom'!B:AA,26,0) -> 0 | N32: =VLOOKUP(Table_Sheet1[[#This Row],[Store Name]],'lojas comp prom'!B:L,11,0) -> SPC
A33: 46113.5 | B33: =MOD(Table_Sheet1[[#This Row],[Date/Time]],1) -> 0.5 | C33: SPC11232 | D33: CASAS BAHIA - PRACA FLORIANO PEIXOTO, 38 - ZONA COMERCIAL - SPC11232 | E33: G17128_SPC11232 | F33: G17128_SPC11232 | G33: 1 | H33: =VLOOKUP(Table_Sheet1[[#This Row],[Device Name]],'[1]AParelhos_&_LOJAS'!$C:$H,6,0) -> G17 | I33: =VLOOKUP(Table_Sheet1[[#This Row],[Device Name]],'[1]AParelhos_&_LOJAS'!$C:$I,7,0) -> 128 GB | J33: =VLOOKUP(Table_Sheet1[[#This Row],[Store Name]],'lojas comp prom'!B:T,19,0) -> CASAS BAHIA | K33: =VLOOKUP(Table_Sheet1[[#This Row],[Store Name]],'lojas comp prom'!B:Z,25,0) -> 80 | L33: =VLOOKUP(Table_Sheet1[[#This Row],[Store Name]],'lojas comp prom'!B:S,18,0) -> Loja De Rua | M33: =VLOOKUP(Table_Sheet1[[#This Row],[Store Name]],'lojas comp prom'!B:AA,26,0) -> 0 | N33: =VLOOKUP(Table_Sheet1[[#This Row],[Store Name]],'lojas comp prom'!B:L,11,0) -> SPC
A34: 46113.5 | B34: =MOD(Table_Sheet1[[#This Row],[Date/Time]],1) -> 0.5 | C34: SPC11232 | D34: CASAS BAHIA - PRACA FLORIANO PEIXOTO, 38 - ZONA COMERCIAL - SPC11232 | E34: G86256_SPC11232 | F34: G86256_SPC11232 | G34: 4 | H34: =VLOOKUP(Table_Sheet1[[#This Row],[Device Name]],'[1]AParelhos_&_LOJAS'!$C:$H,6,0) -> G86 | I34: =VLOOKUP(Table_Sheet1[[#This Row],[Device Name]],'[1]AParelhos_&_LOJAS'!$C:$I,7,0) -> 256 GB | J34: =VLOOKUP(Table_Sheet1[[#This Row],[Store Name]],'lojas comp prom'!B:T,19,0) -> CASAS BAHIA | K34: =VLOOKUP(Table_Sheet1[[#This Row],[Store Name]],'lojas comp prom'!B:Z,25,0) -> 80 | L34: =VLOOKUP(Table_Sheet1[[#This Row],[Store Name]],'lojas comp prom'!B:S,18,0) -> Loja De Rua | M34: =VLOOKUP(Table_Sheet1[[#This Row],[Store Name]],'lojas comp prom'!B:AA,26,0) -> 0 | N34: =VLOOKUP(Table_Sheet1[[#This Row],[Store Name]],'lojas comp prom'!B:L,11,0) -> SPC
A35: 46113.5 | B35: =MOD(Table_Sheet1[[#This Row],[Date/Time]],1) -> 0.5 | C35: SPC11232 | D35: CASAS BAHIA - PRACA FLORIANO PEIXOTO, 38 - ZONA COMERCIAL - SPC11232 | E35: G86512_SPC11232 | F35: G86512_SPC11232 | G35: 1 | H35: =VLOOKUP(Table_Sheet1[[#This Row],[Device Name]],'[1]AParelhos_&_LOJAS'!$C:$H,6,0) -> G86 | I35: =VLOOKUP(Table_Sheet1[[#This Row],[Device Name]],'[1]AParelhos_&_LOJAS'!$C:$I,7,0) -> 512 GB | J35: =VLOOKUP(Table_Sheet1[[#This Row],[Store Name]],'lojas comp prom'!B:T,19,0) -> CASAS BAHIA | K35: =VLOOKUP(Table_Sheet1[[#This Row],[Store Name]],'lojas comp prom'!B:Z,25,0) -> 80 | L35: =VLOOKUP(Table_Sheet1[[#This Row],[Store Name]],'lojas comp prom'!B:S,18,0) -> Loja De Rua | M35: =VLOOKUP(Table_Sheet1[[#This Row],[Store Name]],'lojas comp prom'!B:AA,26,0) -> 0 | N35: =VLOOKUP(Table_Sheet1[[#This Row],[Store Name]],'lojas comp prom'!B:L,11,0) -> SPC
A36: 46113.5 | B36: =MOD(Table_Sheet1[[#This Row],[Date/Time]],1) -> 0.5 | C36: SPC252260 | D36: CASAS BAHIA - AVENIDA EMBAIXADOR MACEDO SOARES, 9175 - SPC252260 | E36: Edge60256GB_SPC252260 | F36: Edge60256GB_SPC252260 | G36: 3 | H36: Edge 60 Pro | I36: 256 GB | J36: =VLOOKUP(Table_Sheet1[[#This Row],[Store Name]],'lojas comp prom'!B:T,19,0) -> CASAS BAHIA | K36: =VLOOKUP(Table_Sheet1[[#This Row],[Store Name]],'lojas comp prom'!B:Z,25,0) -> 80 | L36: =VLOOKUP(Table_Sheet1[[#This Row],[Store Name]],'lojas comp prom'!B:S,18,0) -> Loja De Rua | M36: =VLOOKUP(Table_Sheet1[[#This Row],[Store Name]],'lojas comp prom'!B:AA,26,0) -> 0 | N36: =VLOOKUP(Table_Sheet1[[#This Row],[Store Name]],'lojas comp prom'!B:L,11,0) -> SPC
A37: 46113.5 | B37: =MOD(Table_Sheet1[[#This Row],[Date/Time]],1) -> 0.5 | C37: SPC252260 | D37: CASAS BAHIA - AVENIDA EMBAIXADOR MACEDO SOARES, 9175 - SPC252260 | E37: Edge60Pro256_SPC252260 | F37: Edge60Pro256_SPC252260 | G37: 2 | H37: Edge 60 Pro | I37: 256 GB | J37: =VLOOKUP(Table_Sheet1[[#This Row],[Store Name]],'lojas comp prom'!B:T,19,0) -> CASAS BAHIA | K37: =VLOOKUP(Table_Sheet1[[#This Row],[Store Name]],'lojas comp prom'!B:Z,25,0) -> 80 | L37: =VLOOKUP(Table_Sheet1[[#This Row],[Store Name]],'lojas comp prom'!B:S,18,0) -> Loja De Rua | M37: =VLOOKUP(Table_Sheet1[[#This Row],[Store Name]],'lojas comp prom'!B:AA,26,0) -> 0 | N37: =VLOOKUP(Table_Sheet1[[#This Row],[Store Name]],'lojas comp prom'!B:L,11,0) -> SPC
A38: 46113.5 | B38: =MOD(Table_Sheet1[[#This Row],[Date/Time]],1) -> 0.5 | C38: SPC252260 | D38: CASAS BAHIA - AVENIDA EMBAIXADOR MACEDO SOARES, 9175 - SPC252260 | E38: G05128_SPC252260 | F38: G05128_SPC252260 | G38: 2 | H38: =VLOOKUP(Table_Sheet1[[#This Row],[Device Name]],'[1]AParelhos_&_LOJAS'!$C:$H,6,0) -> G05 | I38: =VLOOKUP(Table_Sheet1[[#This Row],[Device Name]],'[1]AParelhos_&_LOJAS'!$C:$I,7,0) -> 128 GB | J38: =VLOOKUP(Table_Sheet1[[#This Row],[Store Name]],'lojas comp prom'!B:T,19,0) -> CASAS BAHIA | K38: =VLOOKUP(Table_Sheet1[[#This Row],[Store Name]],'lojas comp prom'!B:Z,25,0) -> 80 | L38: =VLOOKUP(Table_Sheet1[[#This Row],[Store Name]],'lojas comp prom'!B:S,18,0) -> Loja De Rua | M38: =VLOOKUP(Table_Sheet1[[#This Row],[Store Name]],'lojas comp prom'!B:AA,26,0) -> 0 | N38: =VLOOKUP(Table_Sheet1[[#This Row],[Store Name]],'lojas comp prom'!B:L,11,0) -> SPC
A39: 46113.5 | B39: =MOD(Table_Sheet1[[#This Row],[Date/Time]],1) -> 0.5 | C39: SPC252260 | D39: CASAS BAHIA - AVENIDA EMBAIXADOR MACEDO SOARES, 9175 - SPC252260 | E39: G05256_SPC252260 | F39: G05256_SPC252260 | G39: 10 | H39: =VLOOKUP(Table_Sheet1[[#This Row],[Device Name]],'[1]AParelhos_&_LOJAS'!$C:$H,6,0) -> G05 | I39: =VLOOKUP(Table_Sheet1[[#This Row],[Device Name]],'[1]AParelhos_&_LOJAS'!$C:$I,7,0) -> 256 GB | J39: =VLOOKUP(Table_Sheet1[[#This Row],[Store Name]],'lojas comp prom'!B:T,19,0) -> CASAS BAHIA | K39: =VLOOKUP(Table_Sheet1[[#This Row],[Store Name]],'lojas comp prom'!B:Z,25,0) -> 80 | L39: =VLOOKUP(Table_Sheet1[[#This Row],[Store Name]],'lojas comp prom'!B:S,18,0) -> Loja De Rua | M39: =VLOOKUP(Table_Sheet1[[#This Row],[Store Name]],'lojas comp prom'!B:AA,26,0) -> 0 | N39: =VLOOKUP(Table_Sheet1[[#This Row],[Store Name]],'lojas comp prom'!B:L,11,0) -> SPC
A40: 46113.5 | B40: =MOD(Table_Sheet1[[#This Row],[Date/Time]],1) -> 0.5 | C40: SPC252260 | D40: CASAS BAHIA - AVENIDA EMBAIXADOR MACEDO SOARES, 9175 - SPC252260 | E40: G06128_SPC252260 | F40: G06128_SPC252260 | G40: 3 | H40: =VLOOKUP(Table_Sheet1[[#This Row],[Device Name]],'[1]AParelhos_&_LOJAS'!$C:$H,6,0) -> G06 | I40: =VLOOKUP(Table_Sheet1[[#This Row],[Device Name]],'[1]AParelhos_&_LOJAS'!$C:$I,7,0) -> 128 GB | J40: =VLOOKUP(Table_Sheet1[[#This Row],[Store Name]],'lojas comp prom'!B:T,19,0) -> CASAS BAHIA | K40: =VLOOKUP(Table_Sheet1[[#This Row],[Store Name]],'lojas comp prom'!B:Z,25,0) -> 80 | L40: =VLOOKUP(Table_Sheet1[[#This Row],[Store Name]],'lojas comp prom'!B:S,18,0) -> Loja De Rua | M40: =VLOOKUP(Table_Sheet1[[#This Row],[Store Name]],'lojas comp prom'!B:AA,26,0) -> 0 | N40: =VLOOKUP(Table_Sheet1[[#This Row],[Store Name]],'lojas comp prom'!B:L,11,0) -> SPC
A41: 46113.5 | B41: =MOD(Table_Sheet1[[#This Row],[Date/Time]],1) -> 0.5 | C41: SPC252260 | D41: CASAS BAHIA - AVENIDA EMBAIXADOR MACEDO SOARES, 9175 - SPC252260 | E41: G06256_SPC252260 | F41: G06256_SPC252260 | G41: 6 | H41: =VLOOKUP(Table_Sheet1[[#This Row],[Device Name]],'[1]AParelhos_&_LOJAS'!$C:$H,6,0) -> G06 | I41: =VLOOKUP(Table_Sheet1[[#This Row],[Device Name]],'[1]AParelhos_&_LOJAS'!$C:$I,7,0) -> 256 GB | J41: =VLOOKUP(Table_Sheet1[[#This Row],[Store Name]],'lojas comp prom'!B:T,19,0) -> CASAS BAHIA | K41: =VLOOKUP(Table_Sheet1[[#This Row],[Store Name]],'lojas comp prom'!B:Z,25,0) -> 80 | L41: =VLOOKUP(Table_Sheet1[[#This Row],[Store Name]],'lojas comp prom'!B:S,18,0) -> Loja De Rua | M41: =VLOOKUP(Table_Sheet1[[#This Row],[Store Name]],'lojas comp prom'!B:AA,26,0) -> 0 | N41: =VLOOKUP(Table_Sheet1[[#This Row],[Store Name]],'lojas comp prom'!B:L,11,0) -> SPC
A42: 46113.5 | B42: =MOD(Table_Sheet1[[#This Row],[Date/Time]],1) -> 0.5 | C42: SPC252260 | D42: CASAS BAHIA - AVENIDA EMBAIXADOR MACEDO SOARES, 9175 - SPC252260 | E42: G15256_SPC252260 | F42: G15256_SPC252260 | G42: 3 | H42: =VLOOKUP(Table_Sheet1[[#This Row],[Device Name]],'[1]AParelhos_&_LOJAS'!$C:$H,6,0) -> G15 | I42: =VLOOKUP(Table_Sheet1[[#This Row],[Device Name]],'[1]AParelhos_&_LOJAS'!$C:$I,7,0) -> 256 GB | J42: =VLOOKUP(Table_Sheet1[[#This Row],[Store Name]],'lojas comp prom'!B:T,19,0) -> CASAS BAHIA | K42: =VLOOKUP(Table_Sheet1[[#This Row],[Store Name]],'lojas comp prom'!B:Z,25,0) -> 80 | L42: =VLOOKUP(Table_Sheet1[[#This Row],[Store Name]],'lojas comp prom'!B:S,18,0) -> Loja De Rua | M42: =VLOOKUP(Table_Sheet1[[#This Row],[Store Name]],'lojas comp prom'!B:AA,26,0) -> 0 | N42: =VLOOKUP(Table_Sheet1[[#This Row],[Store Name]],'lojas comp prom'!B:L,11,0) -> SPC
A43: 46113.5 | B43: =MOD(Table_Sheet1[[#This Row],[Date/Time]],1) -> 0.5 | C43: SPC252260 | D43: CASAS BAHIA - AVENIDA EMBAIXADOR MACEDO SOARES, 9175 - SPC252260 | E43: G17256_SPC252260 | F43: G17256_SPC252260 | G43: 5 | H43: =VLOOKUP(Table_Sheet1[[#This Row],[Device Name]],'[1]AParelhos_&_LOJAS'!$C:$H,6,0) -> G17 | I43: =VLOOKUP(Table_Sheet1[[#This Row],[Device Name]],'[1]AParelhos_&_LOJAS'!$C:$I,7,0) -> 256 GB | J43: =VLOOKUP(Table_Sheet1[[#This Row],[Store Name]],'lojas comp prom'!B:T,19,0) -> CASAS BAHIA | K43: =VLOOKUP(Table_Sheet1[[#This Row],[Store Name]],'lojas comp prom'!B:Z,25,0) -> 80 | L43: =VLOOKUP(Table_Sheet1[[#This Row],[Store Name]],'lojas comp prom'!B:S,18,0) -> Loja De Rua | M43: =VLOOKUP(Table_Sheet1[[#This Row],[Store Name]],'lojas comp prom'!B:AA,26,0) -> 0 | N43: =VLOOKUP(Table_Sheet1[[#This Row],[Store Name]],'lojas comp prom'!B:L,11,0) -> SPC
A44: 46113.5 | B44: =MOD(Table_Sheet1[[#This Row],[Date/Time]],1) -> 0.5 | C44: SPC252260 | D44: CASAS BAHIA - AVENIDA EMBAIXADOR MACEDO SOARES, 9175 - SPC252260 | E44: G56256_SPC252260 | F44: G56256_SPC252260 | G44: 5 | H44: =VLOOKUP(Table_Sheet1[[#This Row],[Device Name]],'[1]AParelhos_&_LOJAS'!$C:$H,6,0) -> G56 | I44: =VLOOKUP(Table_Sheet1[[#This Row],[Device Name]],'[1]AParelhos_&_LOJAS'!$C:$I,7,0) -> 256 GB | J44: =VLOOKUP(Table_Sheet1[[#This Row],[Store Name]],'lojas comp prom'!B:T,19,0) -> CASAS BAHIA | K44: =VLOOKUP(Table_Sheet1[[#This Row],[Store Name]],'lojas comp prom'!B:Z,25,0) -> 80 | L44: =VLOOKUP(Table_Sheet1[[#This Row],[Store Name]],'lojas comp prom'!B:S,18,0) -> Loja De Rua | M44: =VLOOKUP(Table_Sheet1[[#This Row],[Store Name]],'lojas comp prom'!B:AA,26,0) -> 0 | N44: =VLOOKUP(Table_Sheet1[[#This Row],[Store Name]],'lojas comp prom'!B:L,11,0) -> SPC
A45: 46113.5 | B45: =MOD(Table_Sheet1[[#This Row],[Date/Time]],1) -> 0.5 | C45: SPC252260 | D45: CASAS BAHIA - AVENIDA EMBAIXADOR MACEDO SOARES, 9175 - SPC252260 | E45: G75256_SPC252260 | F45: G75256_SPC252260 | G45: 5 | H45: =VLOOKUP(Table_Sheet1[[#This Row],[Device Name]],'[1]AParelhos_&_LOJAS'!$C:$H,6,0) -> G75 | I45: =VLOOKUP(Table_Sheet1[[#This Row],[Device Name]],'[1]AParelhos_&_LOJAS'!$C:$I,7,0) -> 256 GB | J45: =VLOOKUP(Table_Sheet1[[#This Row],[Store Name]],'lojas comp prom'!B:T,19,0) -> CASAS BAHIA | K45: =VLOOKUP(Table_Sheet1[[#This Row],[Store Name]],'lojas comp prom'!B:Z,25,0) -> 80 | L45: =VLOOKUP(Table_Sheet1[[#This Row],[Store Name]],'lojas comp prom'!B:S,18,0) -> Loja De Rua | M45: =VLOOKUP(Table_Sheet1[[#This Row],[Store Name]],'lojas comp prom'!B:AA,26,0) -> 0 | N45: =VLOOKUP(Table_Sheet1[[#This Row],[Store Name]],'lojas comp prom'!B:L,11,0) -> SPC
A46: 46113.5 | B46: =MOD(Table_Sheet1[[#This Row],[Date/Time]],1) -> 0.5 | C46: SPC252260 | D46: CASAS BAHIA - AVENIDA EMBAIXADOR MACEDO SOARES, 9175 - SPC252260 | E46: G86256_SPC252260 | F46: G86256_SPC252260 | G46: 1 | H46: =VLOOKUP(Table_Sheet1[[#This Row],[Device Name]],'[1]AParelhos_&_LOJAS'!$C:$H,6,0) -> G86 | I46: =VLOOKUP(Table_Sheet1[[#This Row],[Device Name]],'[1]AParelhos_&_LOJAS'!$C:$I,7,0) -> 256 GB | J46: =VLOOKUP(Table_Sheet1[[#This Row],[Store Name]],'lojas comp prom'!B:T,19,0) -> CASAS BAHIA | K46: =VLOOKUP(Table_Sheet1[[#This Row],[Store Name]],'lojas comp prom'!B:Z,25,0) -> 80 | L46: =VLOOKUP(Table_Sheet1[[#This Row],[Store Name]],'lojas comp prom'!B:S,18,0) -> Loja De Rua | M46: =VLOOKUP(Table_Sheet1[[#This Row],[Store Name]],'lojas comp prom'!B:AA,26,0) -> 0 | N46: =VLOOKUP(Table_Sheet1[[#This Row],[Store Name]],'lojas comp prom'!B:L,11,0) -> SPC
A47: 46113.5 | B47: =MOD(Table_Sheet1[[#This Row],[Date/Time]],1) -> 0.5 | C47: SPC252260 | D47: CASAS BAHIA - AVENIDA EMBAIXADOR MACEDO SOARES, 9175 - SPC252260 | E47: G86512_SPC252260 | F47: G86512_SPC252260 | G47: 1 | H47: =VLOOKUP(Table_Sheet1[[#This Row],[Device Name]],'[1]AParelhos_&_LOJAS'!$C:$H,6,0) -> G86 | I47: =VLOOKUP(Table_Sheet1[[#This Row],[Device Name]],'[1]AParelhos_&_LOJAS'!$C:$I,7,0) -> 512 GB | J47: =VLOOKUP(Table_Sheet1[[#This Row],[Store Name]],'lojas comp prom'!B:T,19,0) -> CASAS BAHIA | K47: =VLOOKUP(Table_Sheet1[[#This Row],[Store Name]],'lojas comp prom'!B:Z,25,0) -> 80 | L47: =VLOOKUP(Table_Sheet1[[#This Row],[Store Name]],'lojas comp prom'!B:S,18,0) -> Loja De Rua | M47: =VLOOKUP(Table_Sheet1[[#This Row],[Store Name]],'lojas comp prom'!B:AA,26,0) -> 0 | N47: =VLOOKUP(Table_Sheet1[[#This Row],[Store Name]],'lojas comp prom'!B:L,11,0) -> SPC
A48: 46113.5 | B48: =MOD(Table_Sheet1[[#This Row],[Date/Time]],1) -> 0.5 | C48: SPC252260 | D48: CASAS BAHIA - AVENIDA EMBAIXADOR MACEDO SOARES, 9175 - SPC252260 | E48: Razr60Ultra1TB_SPC252260 | F48: Razr60Ultra1TB_SPC252260 | G48: 4 | H48: =VLOOKUP(Table_Sheet1[[#This Row],[Device Name]],'[1]AParelhos_&_LOJAS'!$C:$H,6,0) -> Razr 60 Ultra | I48: =VLOOKUP(Table_Sheet1[[#This Row],[Device Name]],'[1]AParelhos_&_LOJAS'!$C:$I,7,0) -> 1TB | J48: =VLOOKUP(Table_Sheet1[[#This Row],[Store Name]],'lojas comp prom'!B:T,19,0) -> CASAS BAHIA | K48: =VLOOKUP(Table_Sheet1[[#This Row],[Store Name]],'lojas comp prom'!B:Z,25,0) -> 80 | L48: =VLOOKUP(Table_Sheet1[[#This Row],[Store Name]],'lojas comp prom'!B:S,18,0) -> Loja De Rua | M48: =VLOOKUP(Table_Sheet1[[#This Row],[Store Name]],'lojas comp prom'!B:AA,26,0) -> 0 | N48: =VLOOKUP(Table_Sheet1[[#This Row],[Store Name]],'lojas comp prom'!B:L,11,0) -> SPC
A49: 46113.5 | B49: =MOD(Table_Sheet1[[#This Row],[Date/Time]],1) -> 0.5 | C49: SPC287350 | D49: CASAS BAHIA - AVENIDA NACOES UNIDAS, 12995 - SPC287350 | E49: Edge50Neo256_SPC287350 | F49: Edge50Neo256_SPC287350 | G49: 1 | H49: =VLOOKUP(Table_Sheet1[[#This Row],[Device Name]],'[1]AParelhos_&_LOJAS'!$C:$H,6,0) -> Edge 50 Neo | I49: =VLOOKUP(Table_Sheet1[[#This Row],[Device Name]],'[1]AParelhos_&_LOJAS'!$C:$I,7,0) -> 256 GB | J49: =VLOOKUP(Table_Sheet1[[#This Row],[Store Name]],'lojas comp prom'!B:T,19,0) -> CASAS BAHIA | K49: =VLOOKUP(Table_Sheet1[[#This Row],[Store Name]],'lojas comp prom'!B:Z,25,0) -> 80 | L49: =VLOOKUP(Table_Sheet1[[#This Row],[Store Name]],'lojas comp prom'!B:S,18,0) -> Loja De Rua | M49: =VLOOKUP(Table_Sheet1[[#This Row],[Store Name]],'lojas comp prom'!B:AA,26,0) -> 0 | N49: =VLOOKUP(Table_Sheet1[[#This Row],[Store Name]],'lojas comp prom'!B:L,11,0) -> SPC
... A51: 46113.5 | B51: =MOD(Table_Sheet1[[#This Row],[Date/Time]],1) -> 0.5 | C51: SPC287350 | D51: CASAS BAHIA - AVENIDA NACOES UNIDAS, 12995 - SPC287350 | E51: G15256_SPC287350 | F51: G15256_SPC287350 | G51: 1 | H51: =VLOOKUP(Table_Sheet1[[#This Row],[Device Name]],'[1]AParelhos_&_LOJAS'!$C:$H,6,0) -> G15 | I51: =VLOOKUP(Table_Sheet1[[#This Row],[Device Name]],'[1]AParelhos_&_LOJAS'!$C:$I,7,0) -> 256 GB | J51: =VLOOKUP(Table_Sheet1[[#This Row],[Store Name]],'lojas comp prom'!B:T,19,0) -> CASAS BAHIA | K51: =VLOOKUP(Table_Sheet1[[#This Row],[Store Name]],'lojas comp prom'!B:Z,25,0) -> 80 | L51: =VLOOKUP(Table_Sheet1[[#This Row],[Store Name]],'lojas comp prom'!B:S,18,0) -> Loja De Rua | M51: =VLOOKUP(Table_Sheet1[[#This Row],[Store Name]],'lojas comp prom'!B:AA,26,0) -> 0 | N51: =VLOOKUP(Table_Sheet1[[#This Row],[Store Name]],'lojas comp prom'!B:L,11,0) -> SPC
A52: 46113.5 | B52: =MOD(Table_Sheet1[[#This Row],[Date/Time]],1) -> 0.5 | C52: SPC287350 | D52: CASAS BAHIA - AVENIDA NACOES UNIDAS, 12995 - SPC287350 | E52: G15256_SPC287350 | F52: G15256_SPC287350_1 | G52: 1 | H52: G15 | I52: 256 GB | J52: =VLOOKUP(Table_Sheet1[[#This Row],[Store Name]],'lojas comp prom'!B:T,19,0) -> CASAS BAHIA | K52: =VLOOKUP(Table_Sheet1[[#This Row],[Store Name]],'lojas comp prom'!B:Z,25,0) -> 80 | L52: =VLOOKUP(Table_Sheet1[[#This Row],[Store Name]],'lojas comp prom'!B:S,18,0) -> Loja De Rua | M52: =VLOOKUP(Table_Sheet1[[#This Row],[Store Name]],'lojas comp prom'!B:AA,26,0) -> 0 | N52: =VLOOKUP(Table_Sheet1[[#This Row],[Store Name]],'lojas comp prom'!B:L,11,0) -> SPC
A53: 46113.5 | B53: =MOD(Table_Sheet1[[#This Row],[Date/Time]],1) -> 0.5 | C53: SPC287350 | D53: CASAS BAHIA - AVENIDA NACOES UNIDAS, 12995 - SPC287350 | E53: G17256_SPC287350 | F53: G17256_SPC287350 | G53: 1 | H53: =VLOOKUP(Table_Sheet1[[#This Row],[Device Name]],'[1]AParelhos_&_LOJAS'!$C:$H,6,0) -> G17 | I53: =VLOOKUP(Table_Sheet1[[#This Row],[Device Name]],'[1]AParelhos_&_LOJAS'!$C:$I,7,0) -> 256 GB | J53: =VLOOKUP(Table_Sheet1[[#This Row],[Store Name]],'lojas comp prom'!B:T,19,0) -> CASAS BAHIA | K53: =VLOOKUP(Table_Sheet1[[#This Row],[Store Name]],'lojas comp prom'!B:Z,25,0) -> 80 | L53: =VLOOKUP(Table_Sheet1[[#This Row],[Store Name]],'lojas comp prom'!B:S,18,0) -> Loja De Rua | M53: =VLOOKUP(Table_Sheet1[[#This Row],[Store Name]],'lojas comp prom'!B:AA,26,0) -> 0 | N53: =VLOOKUP(Table_Sheet1[[#This Row],[Store Name]],'lojas comp prom'!B:L,11,0) -> SPC
A54: 46113.5 | B54: =MOD(Table_Sheet1[[#This Row],[Date/Time]],1) -> 0.5 | C54: SPC287350 | D54: CASAS BAHIA - AVENIDA NACOES UNIDAS, 12995 - SPC287350 | E54: G35256_SPC287350 | F54: G35256_SPC287350 | G54: 1 | H54: =VLOOKUP(Table_Sheet1[[#This Row],[Device Name]],'[1]AParelhos_&_LOJAS'!$C:$H,6,0) -> G35 | I54: =VLOOKUP(Table_Sheet1[[#This Row],[Device Name]],'[1]AParelhos_&_LOJAS'!$C:$I,7,0) -> 256 GB | J54: =VLOOKUP(Table_Sheet1[[#This Row],[Store Name]],'lojas comp prom'!B:T,19,0) -> CASAS BAHIA | K54: =VLOOKUP(Table_Sheet1[[#This Row],[Store Name]],'lojas comp prom'!B:Z,25,0) -> 80 | L54: =VLOOKUP(Table_Sheet1[[#This Row],[Store Name]],'lojas comp prom'!B:S,18,0) -> Loja De Rua | M54: =VLOOKUP(Table_Sheet1[[#This Row],[Store Name]],'lojas comp prom'!B:AA,26,0) -> 0 | N54: =VLOOKUP(Table_Sheet1[[#This Row],[Store Name]],'lojas comp prom'!B:L,11,0) -> SPC
A55: 46113.5 | B55: =MOD(Table_Sheet1[[#This Row],[Date/Time]],1) -> 0.5 | C55: SPC287350 | D55: CASAS BAHIA - AVENIDA NACOES UNIDAS, 12995 - SPC287350 | E55: G55256_SPC287350 | F55: G55256_SPC287350 | G55: 2 | H55: =VLOOKUP(Table_Sheet1[[#This Row],[Device Name]],'[1]AParelhos_&_LOJAS'!$C:$H,6,0) -> G55 | I55: =VLOOKUP(Table_Sheet1[[#This Row],[Device Name]],'[1]AParelhos_&_LOJAS'!$C:$I,7,0) -> 256 GB | J55: =VLOOKUP(Table_Sheet1[[#This Row],[Store Name]],'lojas comp prom'!B:T,19,0) -> CASAS BAHIA | K55: =VLOOKUP(Table_Sheet1[[#This Row],[Store Name]],'lojas comp prom'!B:Z,25,0) -> 80 | L55: =VLOOKUP(Table_Sheet1[[#This Row],[Store Name]],'lojas comp prom'!B:S,18,0) -> Loja De Rua | M55: =VLOOKUP(Table_Sheet1[[#This Row],[Store Name]],'lojas comp prom'!B:AA,26,0) -> 0 | N55: =VLOOKUP(Table_Sheet1[[#This Row],[Store Name]],'lojas comp prom'!B:L,11,0) -> SPC
A56: 46113.5 | B56: =MOD(Table_Sheet1[[#This Row],[Date/Time]],1) -> 0.5 | C56: SPC7612 | D56: PONTO FRIO - AVENIDA INTERLAGOS, 2255 - SHOPPING INTERLAGOS - SPC7612 | E56: G06128_SPC7612 | F56: G06128_SPC7612 | G56: 7 | H56: =VLOOKUP(Table_Sheet1[[#This Row],[Device Name]],'[1]AParelhos_&_LOJAS'!$C:$H,6,0) -> G06 | I56: =VLOOKUP(Table_Sheet1[[#This Row],[Device Name]],'[1]AParelhos_&_LOJAS'!$C:$I,7,0) -> 128 GB | J56: =VLOOKUP(Table_Sheet1[[#This Row],[Store Name]],'lojas comp prom'!B:T,19,0) -> PONTO FRIO | K56: =VLOOKUP(Table_Sheet1[[#This Row],[Store Name]],'lojas comp prom'!B:Z,25,0) -> 80 | L56: =VLOOKUP(Table_Sheet1[[#This Row],[Store Name]],'lojas comp prom'!B:S,18,0) -> Shopping Interlagos | M56: =VLOOKUP(Table_Sheet1[[#This Row],[Store Name]],'lojas comp prom'!B:AA,26,0) -> 0 | N56: =VLOOKUP(Table_Sheet1[[#This Row],[Store Name]],'lojas comp prom'!B:L,11,0) -> SPC
A57: 46113.5 | B57: =MOD(Table_Sheet1[[#This Row],[Date/Time]],1) -> 0.5 | C57: SPC7612 | D57: PONTO FRIO - AVENIDA INTERLAGOS, 2255 - SHOPPING INTERLAGOS - SPC7612 | E57: G17128_SPC7612 | F57: G17128_SPC7612 | G57: 1 | H57: =VLOOKUP(Table_Sheet1[[#This Row],[Device Name]],'[1]AParelhos_&_LOJAS'!$C:$H,6,0) -> G17 | I57: =VLOOKUP(Table_Sheet1[[#This Row],[Device Name]],'[1]AParelhos_&_LOJAS'!$C:$I,7,0) -> 128 GB | J57: =VLOOKUP(Table_Sheet1[[#This Row],[Store Name]],'lojas comp prom'!B:T,19,0) -> PONTO FRIO | K57: =VLOOKUP(Table_Sheet1[[#This Row],[Store Name]],'lojas comp prom'!B:Z,25,0) -> 80 | L57: =VLOOKUP(Table_Sheet1[[#This Row],[Store Name]],'lojas comp prom'!B:S,18,0) -> Shopping Interlagos | M57: =VLOOKUP(Table_Sheet1[[#This Row],[Store Name]],'lojas comp prom'!B:AA,26,0) -> 0 | N57: =VLOOKUP(Table_Sheet1[[#This Row],[Store Name]],'lojas comp prom'!B:L,11,0) -> SPC
A58: 46113.5 | B58: =MOD(Table_Sheet1[[#This Row],[Date/Time]],1) -> 0.5 | C58: SPC7612 | D58: PONTO FRIO - AVENIDA INTERLAGOS, 2255 - SHOPPING INTERLAGOS - SPC7612 | E58: G35256_SPC7612 | F58: G35256_SPC7612 | G58: 1 | H58: =VLOOKUP(Table_Sheet1[[#This Row],[Device Name]],'[1]AParelhos_&_LOJAS'!$C:$H,6,0) -> G35 | I58: =VLOOKUP(Table_Sheet1[[#This Row],[Device Name]],'[1]AParelhos_&_LOJAS'!$C:$I,7,0) -> 256 GB | J58: =VLOOKUP(Table_Sheet1[[#This Row],[Store Name]],'lojas comp prom'!B:T,19,0) -> PONTO FRIO | K58: =VLOOKUP(Table_Sheet1[[#This Row],[Store Name]],'lojas comp prom'!B:Z,25,0) -> 80 | L58: =VLOOKUP(Table_Sheet1[[#This Row],[Store Name]],'lojas comp prom'!B:S,18,0) -> Shopping Interlagos | M58: =VLOOKUP(Table_Sheet1[[#This Row],[Store Name]],'lojas comp prom'!B:AA,26,0) -> 0 | N58: =VLOOKUP(Table_Sheet1[[#This Row],[Store Name]],'lojas comp prom'!B:L,11,0) -> SPC
A59: 46113.5 | B59: =MOD(Table_Sheet1[[#This Row],[Date/Time]],1) -> 0.5 | C59: SPC7614 | D59: LOJAS AMERICANAS - AVENIDA INTERLAGOS, 2255 - SHOPPING INTERLAGOS - SPC7614 | E59: Edge60Pro256_SPC7614 | F59: Edge60Pro256_SPC7614 | G59: 2 | H59: Edge 60 Pro | I59: 256 GB | J59: =VLOOKUP(Table_Sheet1[[#This Row],[Store Name]],'lojas comp prom'!B:T,19,0) -> LOJAS AMERICANAS | K59: =VLOOKUP(Table_Sheet1[[#This Row],[Store Name]],'lojas comp prom'!B:Z,25,0) -> 80 | L59: =VLOOKUP(Table_Sheet1[[#This Row],[Store Name]],'lojas comp prom'!B:S,18,0) -> Shopping Interlagos | M59: =VLOOKUP(Table_Sheet1[[#This Row],[Store Name]],'lojas comp prom'!B:AA,26,0) -> 0 | N59: =VLOOKUP(Table_Sheet1[[#This Row],[Store Name]],'lojas comp prom'!B:L,11,0) -> SPC
A60: 46113.5 | B60: =MOD(Table_Sheet1[[#This Row],[Date/Time]],1) -> 0.5 | C60: SPC7614 | D60: LOJAS AMERICANAS - AVENIDA INTERLAGOS, 2255 - SHOPPING INTERLAGOS - SPC7614 | E60: G56256_SPC7614 | F60: G56256_SPC7614 | G60: 6 | H60: =VLOOKUP(Table_Sheet1[[#This Row],[Device Name]],'[1]AParelhos_&_LOJAS'!$C:$H,6,0) -> G56 | I60: =VLOOKUP(Table_Sheet1[[#This Row],[Device Name]],'[1]AParelhos_&_LOJAS'!$C:$I,7,0) -> 256 GB | J60: =VLOOKUP(Table_Sheet1[[#This Row],[Store Name]],'lojas comp prom'!B:T,19,0) -> LOJAS AMERICANAS | K60: =VLOOKUP(Table_Sheet1[[#This Row],[Store Name]],'lojas comp prom'!B:Z,25,0) -> 80 | L60: =VLOOKUP(Table_Sheet1[[#This Row],[Store Name]],'lojas comp prom'!B:S,18,0) -> Shopping Interlagos | M60: =VLOOKUP(Table_Sheet1[[#This Row],[Store Name]],'lojas comp prom'!B:AA,26,0) -> 0 | N60: =VLOOKUP(Table_Sheet1[[#This Row],[Store Name]],'lojas comp prom'!B:L,11,0) -> SPC
A61: 46113.5 | B61: =MOD(Table_Sheet1[[#This Row],[Date/Time]],1) -> 0.5 | C61: SPC7614 | D61: LOJAS AMERICANAS - AVENIDA INTERLAGOS, 2255 - SHOPPING INTERLAGOS - SPC7614 | E61: G67256_SPC7614 | F61: G67256_SPC7614 | G61: 4 | H61: =VLOOKUP(Table_Sheet1[[#This Row],[Device Name]],'[1]AParelhos_&_LOJAS'!$C:$H,6,0) -> G67 | I61: =VLOOKUP(Table_Sheet1[[#This Row],[Device Name]],'[1]AParelhos_&_LOJAS'!$C:$I,7,0) -> 256 GB | J61: =VLOOKUP(Table_Sheet1[[#This Row],[Store Name]],'lojas comp prom'!B:T,19,0) -> LOJAS AMERICANAS | K61: =VLOOKUP(Table_Sheet1[[#This Row],[Store Name]],'lojas comp prom'!B:Z,25,0) -> 80 | L61: =VLOOKUP(Table_Sheet1[[#This Row],[Store Name]],'lojas comp prom'!B:S,18,0) -> Shopping Interlagos | M61: =VLOOKUP(Table_Sheet1[[#This Row],[Store Name]],'lojas comp prom'!B:AA,26,0) -> 0 | N61: =VLOOKUP(Table_Sheet1[[#This Row],[Store Name]],'lojas comp prom'!B:L,11,0) -> SPC
A62: 46113.542 | B62: =MOD(Table_Sheet1[[#This Row],[Date/Time]],1) -> 0.54166667 | C62: SPC11232 | D62: CASAS BAHIA - PRACA FLORIANO PEIXOTO, 38 - ZONA COMERCIAL - SPC11232 | E62: Edge60Fusion256_SPC11232 | F62: Edge60Fusion256_SPC11232 | G62: 1 | H62: =VLOOKUP(Table_Sheet1[[#This Row],[Device Name]],'[1]AParelhos_&_LOJAS'!$C:$H,6,0) -> Edge 60 Fusion | I62: =VLOOKUP(Table_Sheet1[[#This Row],[Device Name]],'[1]AParelhos_&_LOJAS'!$C:$I,7,0) -> 256 GB | J62: =VLOOKUP(Table_Sheet1[[#This Row],[Store Name]],'lojas comp prom'!B:T,19,0) -> CASAS BAHIA | K62: =VLOOKUP(Table_Sheet1[[#This Row],[Store Name]],'lojas comp prom'!B:Z,25,0) -> 80 | L62: =VLOOKUP(Table_Sheet1[[#This Row],[Store Name]],'lojas comp prom'!B:S,18,0) -> Loja De Rua | M62: =VLOOKUP(Table_Sheet1[[#This Row],[Store Name]],'lojas comp prom'!B:AA,26,0) -> 0 | N62: =VLOOKUP(Table_Sheet1[[#This Row],[Store Name]],'lojas comp prom'!B:L,11,0) -> SPC
A63: 46113.542 | B63: =MOD(Table_Sheet1[[#This Row],[Date/Time]],1) -> 0.54166667 | C63: SPC11232 | D63: CASAS BAHIA - PRACA FLORIANO PEIXOTO, 38 - ZONA COMERCIAL - SPC11232 | E63: Edge60Pro256_SPC11232_2 | F63: Edge60Pro256_SPC11232_2 | G63: 1 | H63: Edge 60 Pro | I63: 256 GB | J63: =VLOOKUP(Table_Sheet1[[#This Row],[Store Name]],'lojas comp prom'!B:T,19,0) -> CASAS BAHIA | K63: =VLOOKUP(Table_Sheet1[[#This Row],[Store Name]],'lojas comp prom'!B:Z,25,0) -> 80 | L63: =VLOOKUP(Table_Sheet1[[#This Row],[Store Name]],'lojas comp prom'!B:S,18,0) -> Loja De Rua | M63: =VLOOKUP(Table_Sheet1[[#This Row],[Store Name]],'lojas comp prom'!B:AA,26,0) -> 0 | N63: =VLOOKUP(Table_Sheet1[[#This Row],[Store Name]],'lojas comp prom'!B:L,11,0) -> SPC
A64: 46113.542 | B64: =MOD(Table_Sheet1[[#This Row],[Date/Time]],1) -> 0.54166667 | C64: SPC11232 | D64: CASAS BAHIA - PRACA FLORIANO PEIXOTO, 38 - ZONA COMERCIAL - SPC11232 | E64: G06128_SPC11232 | F64: G06128_SPC11232 | G64: 2 | H64: =VLOOKUP(Table_Sheet1[[#This Row],[Device Name]],'[1]AParelhos_&_LOJAS'!$C:$H,6,0) -> G06 | I64: =VLOOKUP(Table_Sheet1[[#This Row],[Device Name]],'[1]AParelhos_&_LOJAS'!$C:$I,7,0) -> 128 GB | J64: =VLOOKUP(Table_Sheet1[[#This Row],[Store Name]],'lojas comp prom'!B:T,19,0) -> CASAS BAHIA | K64: =VLOOKUP(Table_Sheet1[[#This Row],[Store Name]],'lojas comp prom'!B:Z,25,0) -> 80 | L64: =VLOOKUP(Table_Sheet1[[#This Row],[Store Name]],'lojas comp prom'!B:S,18,0) -> Loja De Rua | M64: =VLOOKUP(Table_Sheet1[[#This Row],[Store Name]],'lojas comp prom'!B:AA,26,0) -> 0 | N64: =VLOOKUP(Table_Sheet1[[#This Row],[Store Name]],'lojas comp prom'!B:L,11,0) -> SPC
A65: 46113.542 | B65: =MOD(Table_Sheet1[[#This Row],[Date/Time]],1) -> 0.54166667 | C65: SPC11232 | D65: CASAS BAHIA - PRACA FLORIANO PEIXOTO, 38 - ZONA COMERCIAL - SPC11232 | E65: G06256_SPC11232 | F65: G06256_SPC11232 | G65: 2 | H65: =VLOOKUP(Table_Sheet1[[#This Row],[Device Name]],'[1]AParelhos_&_LOJAS'!$C:$H,6,0) -> G06 | I65: =VLOOKUP(Table_Sheet1[[#This Row],[Device Name]],'[1]AParelhos_&_LOJAS'!$C:$I,7,0) -> 256 GB | J65: =VLOOKUP(Table_Sheet1[[#This Row],[Store Name]],'lojas comp prom'!B:T,19,0) -> CASAS BAHIA | K65: =VLOOKUP(Table_Sheet1[[#This Row],[Store Name]],'lojas comp prom'!B:Z,25,0) -> 80 | L65: =VLOOKUP(Table_Sheet1[[#This Row],[Store Name]],'lojas comp prom'!B:S,18,0) -> Loja De Rua | M65: =VLOOKUP(Table_Sheet1[[#This Row],[Store Name]],'lojas comp prom'!B:AA,26,0) -> 0 | N65: =VLOOKUP(Table_Sheet1[[#This Row],[Store Name]],'lojas comp prom'!B:L,11,0) -> SPC
A66: 46113.542 | B66: =MOD(Table_Sheet1[[#This Row],[Date/Time]],1) -> 0.54166667 | C66: SPC11232 | D66: CASAS BAHIA - PRACA FLORIANO PEIXOTO, 38 - ZONA COMERCIAL - SPC11232 | E66: G17128_SPC11232 | F66: G17128_SPC11232 | G66: 1 | H66: =VLOOKUP(Table_Sheet1[[#This Row],[Device Name]],'[1]AParelhos_&_LOJAS'!$C:$H,6,0) -> G17 | I66: =VLOOKUP(Table_Sheet1[[#This Row],[Device Name]],'[1]AParelhos_&_LOJAS'!$C:$I,7,0) -> 128 GB | J66: =VLOOKUP(Table_Sheet1[[#This Row],[Store Name]],'lojas comp prom'!B:T,19,0) -> CASAS BAHIA | K66: =VLOOKUP(Table_Sheet1[[#This Row],[Store Name]],'lojas comp prom'!B:Z,25,0) -> 80 | L66: =VLOOKUP(Table_Sheet1[[#This Row],[Store Name]],'lojas comp prom'!B:S,18,0) -> Loja De Rua | M66: =VLOOKUP(Table_Sheet1[[#This Row],[Store Name]],'lojas comp prom'!B:AA,26,0) -> 0 | N66: =VLOOKUP(Table_Sheet1[[#This Row],[Store Name]],'lojas comp prom'!B:L,11,0) -> SPC
A67: 46113.542 | B67: =MOD(Table_Sheet1[[#This Row],[Date/Time]],1) -> 0.54166667 | C67: SPC11232 | D67: CASAS BAHIA - PRACA FLORIANO PEIXOTO, 38 - ZONA COMERCIAL - SPC11232 | E67: G17256_SPC11232 | F67: G17256_SPC11232 | G67: 1 | H67: =VLOOKUP(Table_Sheet1[[#This Row],[Device Name]],'[1]AParelhos_&_LOJAS'!$C:$H,6,0) -> G17 | I67: =VLOOKUP(Table_Sheet1[[#This Row],[Device Name]],'[1]AParelhos_&_LOJAS'!$C:$I,7,0) -> 256 GB | J67: =VLOOKUP(Table_Sheet1[[#This Row],[Store Name]],'lojas comp prom'!B:T,19,0) -> CASAS BAHIA | K67: =VLOOKUP(Table_Sheet1[[#This Row],[Store Name]],'lojas comp prom'!B:Z,25,0) -> 80 | L67: =VLOOKUP(Table_Sheet1[[#This Row],[Store Name]],'lojas comp prom'!B:S,18,0) -> Loja De Rua | M67: =VLOOKUP(Table_Sheet1[[#This Row],[Store Name]],'lojas comp prom'!B:AA,26,0) -> 0 | N67: =VLOOKUP(Table_Sheet1[[#This Row],[Store Name]],'lojas comp prom'!B:L,11,0) -> SPC
A68: 46113.542 | B68: =MOD(Table_Sheet1[[#This Row],[Date/Time]],1) -> 0.54166667 | C68: SPC11232 | D68: CASAS BAHIA - PRACA FLORIANO PEIXOTO, 38 - ZONA COMERCIAL - SPC11232 | E68: G35256_SPC11232 | F68: G35256_SPC11232 | G68: 1 | H68: =VLOOKUP(Table_Sheet1[[#This Row],[Device Name]],'[1]AParelhos_&_LOJAS'!$C:$H,6,0) -> G35 | I68: =VLOOKUP(Table_Sheet1[[#This Row],[Device Name]],'[1]AParelhos_&_LOJAS'!$C:$I,7,0) -> 256 GB | J68: =VLOOKUP(Table_Sheet1[[#This Row],[Store Name]],'lojas comp prom'!B:T,19,0) -> CASAS BAHIA | K68: =VLOOKUP(Table_Sheet1[[#This Row],[Store Name]],'lojas comp prom'!B:Z,25,0) -> 80 | L68: =VLOOKUP(Table_Sheet1[[#This Row],[Store Name]],'lojas comp prom'!B:S,18,0) -> Loja De Rua | M68: =VLOOKUP(Table_Sheet1[[#This Row],[Store Name]],'lojas comp prom'!B:AA,26,0) -> 0 | N68: =VLOOKUP(Table_Sheet1[[#This Row],[Store Name]],'lojas comp prom'!B:L,11,0) -> SPC
A69: 46113.542 | B69: =MOD(Table_Sheet1[[#This Row],[Date/Time]],1) -> 0.54166667 | C69: SPC252260 | D69: CASAS BAHIA - AVENIDA EMBAIXADOR MACEDO SOARES, 9175 - SPC252260 | E69: Edge60256GB_SPC252260 | F69: Edge60256GB_SPC252260 | G69: 4 | H69: Edge 60 Pro | I69: 256 GB | J69: =VLOOKUP(Table_Sheet1[[#This Row],[Store Name]],'lojas comp prom'!B:T,19,0) -> CASAS BAHIA | K69: =VLOOKUP(Table_Sheet1[[#This Row],[Store Name]],'lojas comp prom'!B:Z,25,0) -> 80 | L69: =VLOOKUP(Table_Sheet1[[#This Row],[Store Name]],'lojas comp prom'!B:S,18,0) -> Loja De Rua | M69: =VLOOKUP(Table_Sheet1[[#This Row],[Store Name]],'lojas comp prom'!B:AA,26,0) -> 0 | N69: =VLOOKUP(Table_Sheet1[[#This Row],[Store Name]],'lojas comp prom'!B:L,11,0) -> SPC
A70: 46113.542 | B70: =MOD(Table_Sheet1[[#This Row],[Date/Time]],1) -> 0.54166667 | C70: SPC252260 | D70: CASAS BAHIA - AVENIDA EMBAIXADOR MACEDO SOARES, 9175 - SPC252260 | E70: Edge60Pro256_SPC252260 | F70: Edge60Pro256_SPC252260 | G70: 2 | H70: Edge 60 Pro | I70: 256 GB | J70: =VLOOKUP(Table_Sheet1[[#This Row],[Store Name]],'lojas comp prom'!B:T,19,0) -> CASAS BAHIA | K70: =VLOOKUP(Table_Sheet1[[#This Row],[Store Name]],'lojas comp prom'!B:Z,25,0) -> 80 | L70: =VLOOKUP(Table_Sheet1[[#This Row],[Store Name]],'lojas comp prom'!B:S,18,0) -> Loja De Rua | M70: =VLOOKUP(Table_Sheet1[[#This Row],[Store Name]],'lojas comp prom'!B:AA,26,0) -> 0 | N70: =VLOOKUP(Table_Sheet1[[#This Row],[Store Name]],'lojas comp prom'!B:L,11,0) -> SPC
A71: 46113.542 | B71: =MOD(Table_Sheet1[[#This Row],[Date/Time]],1) -> 0.54166667 | C71: SPC252260 | D71: CASAS BAHIA - AVENIDA EMBAIXADOR MACEDO SOARES, 9175 - SPC252260 | E71: G05128_SPC252260 | F71: G05128_SPC252260 | G71: 1 | H71: =VLOOKUP(Table_Sheet1[[#This Row],[Device Name]],'[1]AParelhos_&_LOJAS'!$C:$H,6,0) -> G05 | I71: =VLOOKUP(Table_Sheet1[[#This Row],[Device Name]],'[1]AParelhos_&_LOJAS'!$C:$I,7,0) -> 128 GB | J71: =VLOOKUP(Table_Sheet1[[#This Row],[Store Name]],'lojas comp prom'!B:T,19,0) -> CASAS BAHIA | K71: =VLOOKUP(Table_Sheet1[[#This Row],[Store Name]],'lojas comp prom'!B:Z,25,0) -> 80 | L71: =VLOOKUP(Table_Sheet1[[#This Row],[Store Name]],'lojas comp prom'!B:S,18,0) -> Loja De Rua | M71: =VLOOKUP(Table_Sheet1[[#This Row],[Store Name]],'lojas comp prom'!B:AA,26,0) -> 0 | N71: =VLOOKUP(Table_Sheet1[[#This Row],[Store Name]],'lojas comp prom'!B:L,11,0) -> SPC
A72: 46113.542 | B72: =MOD(Table_Sheet1[[#This Row],[Date/Time]],1) -> 0.54166667 | C72: SPC252260 | D72: CASAS BAHIA - AVENIDA EMBAIXADOR MACEDO SOARES, 9175 - SPC252260 | E72: G05256_SPC252260 | F72: G05256_SPC252260 | G72: 2 | H72: =VLOOKUP(Table_Sheet1[[#This Row],[Device Name]],'[1]AParelhos_&_LOJAS'!$C:$H,6,0) -> G05 | I72: =VLOOKUP(Table_Sheet1[[#This Row],[Device Name]],'[1]AParelhos_&_LOJAS'!$C:$I,7,0) -> 256 GB | J72: =VLOOKUP(Table_Sheet1[[#This Row],[Store Name]],'lojas comp prom'!B:T,19,0) -> CASAS BAHIA | K72: =VLOOKUP(Table_Sheet1[[#This Row],[Store Name]],'lojas comp prom'!B:Z,25,0) -> 80 | L72: =VLOOKUP(Table_Sheet1[[#This Row],[Store Name]],'lojas comp prom'!B:S,18,0) -> Loja De Rua | M72: =VLOOKUP(Table_Sheet1[[#This Row],[Store Name]],'lojas comp prom'!B:AA,26,0) -> 0 | N72: =VLOOKUP(Table_Sheet1[[#This Row],[Store Name]],'lojas comp prom'!B:L,11,0) -> SPC
A73: 46113.542 | B73: =MOD(Table_Sheet1[[#This Row],[Date/Time]],1) -> 0.54166667 | C73: SPC252260 | D73: CASAS BAHIA - AVENIDA EMBAIXADOR MACEDO SOARES, 9175 - SPC252260 | E73: G06128_SPC252260 | F73: G06128_SPC252260 | G73: 3 | H73: =VLOOKUP(Table_Sheet1[[#This Row],[Device Name]],'[1]AParelhos_&_LOJAS'!$C:$H,6,0) -> G06 | I73: =VLOOKUP(Table_Sheet1[[#This Row],[Device Name]],'[1]AParelhos_&_LOJAS'!$C:$I,7,0) -> 128 GB | J73: =VLOOKUP(Table_Sheet1[[#This Row],[Store Name]],'lojas comp prom'!B:T,19,0) -> CASAS BAHIA | K73: =VLOOKUP(Table_Sheet1[[#This Row],[Store Name]],'lojas comp prom'!B:Z,25,0) -> 80 | L73: =VLOOKUP(Table_Sheet1[[#This Row],[Store Name]],'lojas comp prom'!B:S,18,0) -> Loja De Rua | M73: =VLOOKUP(Table_Sheet1[[#This Row],[Store Name]],'lojas comp prom'!B:AA,26,0) -> 0 | N73: =VLOOKUP(Table_Sheet1[[#This Row],[Store Name]],'lojas comp prom'!B:L,11,0) -> SPC
A74: 46113.542 | B74: =MOD(Table_Sheet1[[#This Row],[Date/Time]],1) -> 0.54166667 | C74: SPC252260 | D74: CASAS BAHIA - AVENIDA EMBAIXADOR MACEDO SOARES, 9175 - SPC252260 | E74: G06256_SPC252260 | F74: G06256_SPC252260 | G74: 1 | H74: =VLOOKUP(Table_Sheet1[[#This Row],[Device Name]],'[1]AParelhos_&_LOJAS'!$C:$H,6,0) -> G06 | I74: =VLOOKUP(Table_Sheet1[[#This Row],[Device Name]],'[1]AParelhos_&_LOJAS'!$C:$I,7,0) -> 256 GB | J74: =VLOOKUP(Table_Sheet1[[#This Row],[Store Name]],'lojas comp prom'!B:T,19,0) -> CASAS BAHIA | K74: =VLOOKUP(Table_Sheet1[[#This Row],[Store Name]],'lojas comp prom'!B:Z,25,0) -> 80 | L74: =VLOOKUP(Table_Sheet1[[#This Row],[Store Name]],'lojas comp prom'!B:S,18,0) -> Loja De Rua | M74: =VLOOKUP(Table_Sheet1[[#This Row],[Store Name]],'lojas comp prom'!B:AA,26,0) -> 0 | N74: =VLOOKUP(Table_Sheet1[[#This Row],[Store Name]],'lojas comp prom'!B:L,11,0) -> SPC
A75: 46113.542 | B75: =MOD(Table_Sheet1[[#This Row],[Date/Time]],1) -> 0.54166667 | C75: SPC252260 | D75: CASAS BAHIA - AVENIDA EMBAIXADOR MACEDO SOARES, 9175 - SPC252260 | E75: G15256_SPC252260 | F75: G15256_SPC252260 | G75: 1 | H75: =VLOOKUP(Table_Sheet1[[#This Row],[Device Name]],'[1]AParelhos_&_LOJAS'!$C:$H,6,0) -> G15 | I75: =VLOOKUP(Table_Sheet1[[#This Row],[Device Name]],'[1]AParelhos_&_LOJAS'!$C:$I,7,0) -> 256 GB | J75: =VLOOKUP(Table_Sheet1[[#This Row],[Store Name]],'lojas comp prom'!B:T,19,0) -> CASAS BAHIA | K75: =VLOOKUP(Table_Sheet1[[#This Row],[Store Name]],'lojas comp prom'!B:Z,25,0) -> 80 | L75: =VLOOKUP(Table_Sheet1[[#This Row],[Store Name]],'lojas comp prom'!B:S,18,0) -> Loja De Rua | M75: =VLOOKUP(Table_Sheet1[[#This Row],[Store Name]],'lojas comp prom'!B:AA,26,0) -> 0 | N75: =VLOOKUP(Table_Sheet1[[#This Row],[Store Name]],'lojas comp prom'!B:L,11,0) -> SPC
A76: 46113.542 | B76: =MOD(Table_Sheet1[[#This Row],[Date/Time]],1) -> 0.54166667 | C76: SPC252260 | D76: CASAS BAHIA - AVENIDA EMBAIXADOR MACEDO SOARES, 9175 - SPC252260 | E76: G17256_SPC252260 | F76: G17256_SPC252260 | G76: 1 | H76: =VLOOKUP(Table_Sheet1[[#This Row],[Device Name]],'[1]AParelhos_&_LOJAS'!$C:$H,6,0) -> G17 | I76: =VLOOKUP(Table_Sheet1[[#This Row],[Device Name]],'[1]AParelhos_&_LOJAS'!$C:$I,7,0) -> 256 GB | J76: =VLOOKUP(Table_Sheet1[[#This Row],[Store Name]],'lojas comp prom'!B:T,19,0) -> CASAS BAHIA | K76: =VLOOKUP(Table_Sheet1[[#This Row],[Store Name]],'lojas comp prom'!B:Z,25,0) -> 80 | L76: =VLOOKUP(Table_Sheet1[[#This Row],[Store Name]],'lojas comp prom'!B:S,18,0) -> Loja De Rua | M76: =VLOOKUP(Table_Sheet1[[#This Row],[Store Name]],'lojas comp prom'!B:AA,26,0) -> 0 | N76: =VLOOKUP(Table_Sheet1[[#This Row],[Store Name]],'lojas comp prom'!B:L,11,0) -> SPC
A77: 46113.542 | B77: =MOD(Table_Sheet1[[#This Row],[Date/Time]],1) -> 0.54166667 | C77: SPC252260 | D77: CASAS BAHIA - AVENIDA EMBAIXADOR MACEDO SOARES, 9175 - SPC252260 | E77: G35256_SPC252260 | F77: G35256_SPC252260 | G77: 2 | H77: =VLOOKUP(Table_Sheet1[[#This Row],[Device Name]],'[1]AParelhos_&_LOJAS'!$C:$H,6,0) -> G35 | I77: =VLOOKUP(Table_Sheet1[[#This Row],[Device Name]],'[1]AParelhos_&_LOJAS'!$C:$I,7,0) -> 256 GB | J77: =VLOOKUP(Table_Sheet1[[#This Row],[Store Name]],'lojas comp prom'!B:T,19,0) -> CASAS BAHIA | K77: =VLOOKUP(Table_Sheet1[[#This Row],[Store Name]],'lojas comp prom'!B:Z,25,0) -> 80 | L77: =VLOOKUP(Table_Sheet1[[#This Row],[Store Name]],'lojas comp prom'!B:S,18,0) -> Loja De Rua | M77: =VLOOKUP(Table_Sheet1[[#This Row],[Store Name]],'lojas comp prom'!B:AA,26,0) -> 0 | N77: =VLOOKUP(Table_Sheet1[[#This Row],[Store Name]],'lojas comp prom'!B:L,11,0) -> SPC
A78: 46113.542 | B78: =MOD(Table_Sheet1[[#This Row],[Date/Time]],1) -> 0.54166667 | C78: SPC252260 | D78: CASAS BAHIA - AVENIDA EMBAIXADOR MACEDO SOARES, 9175 - SPC252260 | E78: G56256_SPC252260 | F78: G56256_SPC252260 | G78: 1 | H78: =VLOOKUP(Table_Sheet1[[#This Row],[Device Name]],'[1]AParelhos_&_LOJAS'!$C:$H,6,0) -> G56 | I78: =VLOOKUP(Table_Sheet1[[#This Row],[Device Name]],'[1]AParelhos_&_LOJAS'!$C:$I,7,0) -> 256 GB | J78: =VLOOKUP(Table_Sheet1[[#This Row],[Store Name]],'lojas comp prom'!B:T,19,0) -> CASAS BAHIA | K78: =VLOOKUP(Table_Sheet1[[#This Row],[Store Name]],'lojas comp prom'!B:Z,25,0) -> 80 | L78: =VLOOKUP(Table_Sheet1[[#This Row],[Store Name]],'lojas comp prom'!B:S,18,0) -> Loja De Rua | M78: =VLOOKUP(Table_Sheet1[[#This Row],[Store Name]],'lojas comp prom'!B:AA,26,0) -> 0 | N78: =VLOOKUP(Table_Sheet1[[#This Row],[Store Name]],'lojas comp prom'!B:L,11,0) -> SPC
A79: 46113.542 | B79: =MOD(Table_Sheet1[[#This Row],[Date/Time]],1) -> 0.54166667 | C79: SPC252260 | D79: CASAS BAHIA - AVENIDA EMBAIXADOR MACEDO SOARES, 9175 - SPC252260 | E79: G75256_SPC252260 | F79: G75256_SPC252260 | G79: 1 | H79: =VLOOKUP(Table_Sheet1[[#This Row],[Device Name]],'[1]AParelhos_&_LOJAS'!$C:$H,6,0) -> G75 | I79: =VLOOKUP(Table_Sheet1[[#This Row],[Device Name]],'[1]AParelhos_&_LOJAS'!$C:$I,7,0) -> 256 GB | J79: =VLOOKUP(Table_Sheet1[[#This Row],[Store Name]],'lojas comp prom'!B:T,19,0) -> CASAS BAHIA | K79: =VLOOKUP(Table_Sheet1[[#This Row],[Store Name]],'lojas comp prom'!B:Z,25,0) -> 80 | L79: =VLOOKUP(Table_Sheet1[[#This Row],[Store Name]],'lojas comp prom'!B:S,18,0) -> Loja De Rua | M79: =VLOOKUP(Table_Sheet1[[#This Row],[Store Name]],'lojas comp prom'!B:AA,26,0) -> 0 | N79: =VLOOKUP(Table_Sheet1[[#This Row],[Store Name]],'lojas comp prom'!B:L,11,0) -> SPC
A80: 46113.542 | B80: =MOD(Table_Sheet1[[#This Row],[Date/Time]],1) -> 0.54166667 | C80: SPC252260 | D80: CASAS BAHIA - AVENIDA EMBAIXADOR MACEDO SOARES, 9175 - SPC252260 | E80: G86256_SPC252260 | F80: G86256_SPC252260 | G80: 1 | H80: =VLOOKUP(Table_Sheet1[[#This Row],[Device Name]],'[1]AParelhos_&_LOJAS'!$C:$H,6,0) -> G86 | I80: =VLOOKUP(Table_Sheet1[[#This Row],[Device Name]],'[1]AParelhos_&_LOJAS'!$C:$I,7,0) -> 256 GB | J80: =VLOOKUP(Table_Sheet1[[#This Row],[Store Name]],'lojas comp prom'!B:T,19,0) -> CASAS BAHIA | K80: =VLOOKUP(Table_Sheet1[[#This Row],[Store Name]],'lojas comp prom'!B:Z,25,0) -> 80 | L80: =VLOOKUP(Table_Sheet1[[#This Row],[Store Name]],'lojas comp prom'!B:S,18,0) -> Loja De Rua | M80: =VLOOKUP(Table_Sheet1[[#This Row],[Store Name]],'lojas comp prom'!B:AA,26,0) -> 0 | N80: =VLOOKUP(Table_Sheet1[[#This Row],[Store Name]],'lojas comp prom'!B:L,11,0) -> SPC
A81: 46113.542 | B81: =MOD(Table_Sheet1[[#This Row],[Date/Time]],1) -> 0.54166667 | C81: SPC252260 | D81: CASAS BAHIA - AVENIDA EMBAIXADOR MACEDO SOARES, 9175 - SPC252260 | E81: G86512_SPC252260 | F81: G86512_SPC252260 | G81: 7 | H81: =VLOOKUP(Table_Sheet1[[#This Row],[Device Name]],'[1]AParelhos_&_LOJAS'!$C:$H,6,0) -> G86 | I81: =VLOOKUP(Table_Sheet1[[#This Row],[Device Name]],'[1]AParelhos_&_LOJAS'!$C:$I,7,0) -> 512 GB | J81: =VLOOKUP(Table_Sheet1[[#This Row],[Store Name]],'lojas comp prom'!B:T,19,0) -> CASAS BAHIA | K81: =VLOOKUP(Table_Sheet1[[#This Row],[Store Name]],'lojas comp prom'!B:Z,25,0) -> 80 | L81: =VLOOKUP(Table_Sheet1[[#This Row],[Store Name]],'lojas comp prom'!B:S,18,0) -> Loja De Rua | M81: =VLOOKUP(Table_Sheet1[[#This Row],[Store Name]],'lojas comp prom'!B:AA,26,0) -> 0 | N81: =VLOOKUP(Table_Sheet1[[#This Row],[Store Name]],'lojas comp prom'!B:L,11,0) -> SPC
A82: 46113.542 | B82: =MOD(Table_Sheet1[[#This Row],[Date/Time]],1) -> 0.54166667 | C82: SPC252260 | D82: CASAS BAHIA - AVENIDA EMBAIXADOR MACEDO SOARES, 9175 - SPC252260 | E82: Razr60Ultra1TB_SPC252260 | F82: Razr60Ultra1TB_SPC252260 | G82: 1 | H82: =VLOOKUP(Table_Sheet1[[#This Row],[Device Name]],'[1]AParelhos_&_LOJAS'!$C:$H,6,0) -> Razr 60 Ultra | I82: =VLOOKUP(Table_Sheet1[[#This Row],[Device Name]],'[1]AParelhos_&_LOJAS'!$C:$I,7,0) -> 1TB | J82: =VLOOKUP(Table_Sheet1[[#This Row],[Store Name]],'lojas comp prom'!B:T,19,0) -> CASAS BAHIA | K82: =VLOOKUP(Table_Sheet1[[#This Row],[Store Name]],'lojas comp prom'!B:Z,25,0) -> 80 | L82: =VLOOKUP(Table_Sheet1[[#This Row],[Store Name]],'lojas comp prom'!B:S,18,0) -> Loja De Rua | M82: =VLOOKUP(Table_Sheet1[[#This Row],[Store Name]],'lojas comp prom'!B:AA,26,0) -> 0 | N82: =VLOOKUP(Table_Sheet1[[#This Row],[Store Name]],'lojas comp prom'!B:L,11,0) -> SPC
A83: 46113.542 | B83: =MOD(Table_Sheet1[[#This Row],[Date/Time]],1) -> 0.54166667 | C83: SPC287350 | D83: CASAS BAHIA - AVENIDA NACOES UNIDAS, 12995 - SPC287350 | E83: Edge60Pro256_SPC287350 | F83: Edge60Pro256_SPC287350 | G83: 1 | H83: Edge 60 Pro | I83: 256 GB | J83: =VLOOKUP(Table_Sheet1[[#This Row],[Store Name]],'lojas comp prom'!B:T,19,0) -> CASAS BAHIA | K83: =VLOOKUP(Table_Sheet1[[#This Row],[Store Name]],'lojas comp prom'!B:Z,25,0) -> 80 | L83: =VLOOKUP(Table_Sheet1[[#This Row],[Store Name]],'lojas comp prom'!B:S,18,0) -> Loja De Rua | M83: =VLOOKUP(Table_Sheet1[[#This Row],[Store Name]],'lojas comp prom'!B:AA,26,0) -> 0 | N83: =VLOOKUP(Table_Sheet1[[#This Row],[Store Name]],'lojas comp prom'!B:L,11,0) -> SPC
A84: 46113.542 | B84: =MOD(Table_Sheet1[[#This Row],[Date/Time]],1) -> 0.54166667 | C84: SPC287350 | D84: CASAS BAHIA - AVENIDA NACOES UNIDAS, 12995 - SPC287350 | E84: G06128_SPC287350 | F84: G06128_SPC287350 | G84: 1 | H84: =VLOOKUP(Table_Sheet1[[#This Row],[Device Name]],'[1]AParelhos_&_LOJAS'!$C:$H,6,0) -> G06 | I84: =VLOOKUP(Table_Sheet1[[#This Row],[Device Name]],'[1]AParelhos_&_LOJAS'!$C:$I,7,0) -> 128 GB | J84: =VLOOKUP(Table_Sheet1[[#This Row],[Store Name]],'lojas comp prom'!B:T,19,0) -> CASAS BAHIA | K84: =VLOOKUP(Table_Sheet1[[#This Row],[Store Name]],'lojas comp prom'!B:Z,25,0) -> 80 | L84: =VLOOKUP(Table_Sheet1[[#This Row],[Store Name]],'lojas comp prom'!B:S,18,0) -> Loja De Rua | M84: =VLOOKUP(Table_Sheet1[[#This Row],[Store Name]],'lojas comp prom'!B:AA,26,0) -> 0 | N84: =VLOOKUP(Table_Sheet1[[#This Row],[Store Name]],'lojas comp prom'!B:L,11,0) -> SPC
A85: 46113.542 | B85: =MOD(Table_Sheet1[[#This Row],[Date/Time]],1) -> 0.54166667 | C85: SPC287350 | D85: CASAS BAHIA - AVENIDA NACOES UNIDAS, 12995 - SPC287350 | E85: G17256_SPC287350 | F85: G17256_SPC287350 | G85: 2 | H85: =VLOOKUP(Table_Sheet1[[#This Row],[Device Name]],'[1]AParelhos_&_LOJAS'!$C:$H,6,0) -> G17 | I85: =VLOOKUP(Table_Sheet1[[#This Row],[Device Name]],'[1]AParelhos_&_LOJAS'!$C:$I,7,0) -> 256 GB | J85: =VLOOKUP(Table_Sheet1[[#This Row],[Store Name]],'lojas comp prom'!B:T,19,0) -> CASAS BAHIA | K85: =VLOOKUP(Table_Sheet1[[#This Row],[Store Name]],'lojas comp prom'!B:Z,25,0) -> 80 | L85: =VLOOKUP(Table_Sheet1[[#This Row],[Store Name]],'lojas comp prom'!B:S,18,0) -> Loja De Rua | M85: =VLOOKUP(Table_Sheet1[[#This Row],[Store Name]],'lojas comp prom'!B:AA,26,0) -> 0 | N85: =VLOOKUP(Table_Sheet1[[#This Row],[Store Name]],'lojas comp prom'!B:L,11,0) -> SPC
A86: 46113.542 | B86: =MOD(Table_Sheet1[[#This Row],[Date/Time]],1) -> 0.54166667 | C86: SPC287350 | D86: CASAS BAHIA - AVENIDA NACOES UNIDAS, 12995 - SPC287350 | E86: G75256_SPC287350 | F86: G75256_SPC287350 | G86: 1 | H86: =VLOOKUP(Table_Sheet1[[#This Row],[Device Name]],'[1]AParelhos_&_LOJAS'!$C:$H,6,0) -> G75 | I86: =VLOOKUP(Table_Sheet1[[#This Row],[Device Name]],'[1]AParelhos_&_LOJAS'!$C:$I,7,0) -> 256 GB | J86: =VLOOKUP(Table_Sheet1[[#This Row],[Store Name]],'lojas comp prom'!B:T,19,0) -> CASAS BAHIA | K86: =VLOOKUP(Table_Sheet1[[#This Row],[Store Name]],'lojas comp prom'!B:Z,25,0) -> 80 | L86: =VLOOKUP(Table_Sheet1[[#This Row],[Store Name]],'lojas comp prom'!B:S,18,0) -> Loja De Rua | M86: =VLOOKUP(Table_Sheet1[[#This Row],[Store Name]],'lojas comp prom'!B:AA,26,0) -> 0 | N86: =VLOOKUP(Table_Sheet1[[#This Row],[Store Name]],'lojas comp prom'!B:L,11,0) -> SPC
A87: 46113.542 | B87: =MOD(Table_Sheet1[[#This Row],[Date/Time]],1) -> 0.54166667 | C87: SPC287350 | D87: CASAS BAHIA - AVENIDA NACOES UNIDAS, 12995 - SPC287350 | E87: G86256_SPC287350 | F87: G86256_SPC287350 | G87: 2 | H87: =VLOOKUP(Table_Sheet1[[#This Row],[Device Name]],'[1]AParelhos_&_LOJAS'!$C:$H,6,0) -> G86 | I87: =VLOOKUP(Table_Sheet1[[#This Row],[Device Name]],'[1]AParelhos_&_LOJAS'!$C:$I,7,0) -> 256 GB | J87: =VLOOKUP(Table_Sheet1[[#This Row],[Store Name]],'lojas comp prom'!B:T,19,0) -> CASAS BAHIA | K87: =VLOOKUP(Table_Sheet1[[#This Row],[Store Name]],'lojas comp prom'!B:Z,25,0) -> 80 | L87: =VLOOKUP(Table_Sheet1[[#This Row],[Store Name]],'lojas comp prom'!B:S,18,0) -> Loja De Rua | M87: =VLOOKUP(Table_Sheet1[[#This Row],[Store Name]],'lojas comp prom'!B:AA,26,0) -> 0 | N87: =VLOOKUP(Table_Sheet1[[#This Row],[Store Name]],'lojas comp prom'!B:L,11,0) -> SPC
A88: 46113.542 | B88: =MOD(Table_Sheet1[[#This Row],[Date/Time]],1) -> 0.54166667 | C88: SPC7612 | D88: PONTO FRIO - AVENIDA INTERLAGOS, 2255 - SHOPPING INTERLAGOS - SPC7612 | E88: Edge60Fusion256_SPC7612 | F88: Edge60Fusion256_SPC7612 | G88: 2 | H88: =VLOOKUP(Table_Sheet1[[#This Row],[Device Name]],'[1]AParelhos_&_LOJAS'!$C:$H,6,0) -> Edge 60 Fusion | I88: =VLOOKUP(Table_Sheet1[[#This Row],[Device Name]],'[1]AParelhos_&_LOJAS'!$C:$I,7,0) -> 256 GB | J88: =VLOOKUP(Table_Sheet1[[#This Row],[Store Name]],'lojas comp prom'!B:T,19,0) -> PONTO FRIO | K88: =VLOOKUP(Table_Sheet1[[#This Row],[Store Name]],'lojas comp prom'!B:Z,25,0) -> 80 | L88: =VLOOKUP(Table_Sheet1[[#This Row],[Store Name]],'lojas comp prom'!B:S,18,0) -> Shopping Interlagos | M88: =VLOOKUP(Table_Sheet1[[#This Row],[Store Name]],'lojas comp prom'!B:AA,26,0) -> 0 | N88: =VLOOKUP(Table_Sheet1[[#This Row],[Store Name]],'lojas comp prom'!B:L,11,0) -> SPC
A89: 46113.542 | B89: =MOD(Table_Sheet1[[#This Row],[Date/Time]],1) -> 0.54166667 | C89: SPC7612 | D89: PONTO FRIO - AVENIDA INTERLAGOS, 2255 - SHOPPING INTERLAGOS - SPC7612 | E89: G06128_SPC7612 | F89: G06128_SPC7612 | G89: 5 | H89: =VLOOKUP(Table_Sheet1[[#This Row],[Device Name]],'[1]AParelhos_&_LOJAS'!$C:$H,6,0) -> G06 | I89: =VLOOKUP(Table_Sheet1[[#This Row],[Device Name]],'[1]AParelhos_&_LOJAS'!$C:$I,7,0) -> 128 GB | J89: =VLOOKUP(Table_Sheet1[[#This Row],[Store Name]],'lojas comp prom'!B:T,19,0) -> PONTO FRIO | K89: =VLOOKUP(Table_Sheet1[[#This Row],[Store Name]],'lojas comp prom'!B:Z,25,0) -> 80 | L89: =VLOOKUP(Table_Sheet1[[#This Row],[Store Name]],'lojas comp prom'!B:S,18,0) -> Shopping Interlagos | M89: =VLOOKUP(Table_Sheet1[[#This Row],[Store Name]],'lojas comp prom'!B:AA,26,0) -> 0 | N89: =VLOOKUP(Table_Sheet1[[#This Row],[Store Name]],'lojas comp prom'!B:L,11,0) -> SPC
A90: 46113.542 | B90: =MOD(Table_Sheet1[[#This Row],[Date/Time]],1) -> 0.54166667 | C90: SPC7612 | D90: PONTO FRIO - AVENIDA INTERLAGOS, 2255 - SHOPPING INTERLAGOS - SPC7612 | E90: G15256_SPC7612 | F90: G15256_SPC7612 | G90: 1 | H90: =VLOOKUP(Table_Sheet1[[#This Row],[Device Name]],'[1]AParelhos_&_LOJAS'!$C:$H,6,0) -> G15 | I90: =VLOOKUP(Table_Sheet1[[#This Row],[Device Name]],'[1]AParelhos_&_LOJAS'!$C:$I,7,0) -> 256 GB | J90: =VLOOKUP(Table_Sheet1[[#This Row],[Store Name]],'lojas comp prom'!B:T,19,0) -> PONTO FRIO | K90: =VLOOKUP(Table_Sheet1[[#This Row],[Store Name]],'lojas comp prom'!B:Z,25,0) -> 80 | L90: =VLOOKUP(Table_Sheet1[[#This Row],[Store Name]],'lojas comp prom'!B:S,18,0) -> Shopping Interlagos | M90: =VLOOKUP(Table_Sheet1[[#This Row],[Store Name]],'lojas comp prom'!B:AA,26,0) -> 0 | N90: =VLOOKUP(Table_Sheet1[[#This Row],[Store Name]],'lojas comp prom'!B:L,11,0) -> SPC
A91: 46113.542 | B91: =MOD(Table_Sheet1[[#This Row],[Date/Time]],1) -> 0.54166667 | C91: SPC7612 | D91: PONTO FRIO - AVENIDA INTERLAGOS, 2255 - SHOPPING INTERLAGOS - SPC7612 | E91: G17128_SPC7612 | F91: G17128_SPC7612 | G91: 1 | H91: =VLOOKUP(Table_Sheet1[[#This Row],[Device Name]],'[1]AParelhos_&_LOJAS'!$C:$H,6,0) -> G17 | I91: =VLOOKUP(Table_Sheet1[[#This Row],[Device Name]],'[1]AParelhos_&_LOJAS'!$C:$I,7,0) -> 128 GB | J91: =VLOOKUP(Table_Sheet1[[#This Row],[Store Name]],'lojas comp prom'!B:T,19,0) -> PONTO FRIO | K91: =VLOOKUP(Table_Sheet1[[#This Row],[Store Name]],'lojas comp prom'!B:Z,25,0) -> 80 | L91: =VLOOKUP(Table_Sheet1[[#This Row],[Store Name]],'lojas comp prom'!B:S,18,0) -> Shopping Interlagos | M91: =VLOOKUP(Table_Sheet1[[#This Row],[Store Name]],'lojas comp prom'!B:AA,26,0) -> 0 | N91: =VLOOKUP(Table_Sheet1[[#This Row],[Store Name]],'lojas comp prom'!B:L,11,0) -> SPC
A92: 46113.542 | B92: =MOD(Table_Sheet1[[#This Row],[Date/Time]],1) -> 0.54166667 | C92: SPC7612 | D92: PONTO FRIO - AVENIDA INTERLAGOS, 2255 - SHOPPING INTERLAGOS - SPC7612 | E92: G35256_SPC7612 | F92: G35256_SPC7612 | G92: 1 | H92: =VLOOKUP(Table_Sheet1[[#This Row],[Device Name]],'[1]AParelhos_&_LOJAS'!$C:$H,6,0) -> G35 | I92: =VLOOKUP(Table_Sheet1[[#This Row],[Device Name]],'[1]AParelhos_&_LOJAS'!$C:$I,7,0) -> 256 GB | J92: =VLOOKUP(Table_Sheet1[[#This Row],[Store Name]],'lojas comp prom'!B:T,19,0) -> PONTO FRIO | K92: =VLOOKUP(Table_Sheet1[[#This Row],[Store Name]],'lojas comp prom'!B:Z,25,0) -> 80 | L92: =VLOOKUP(Table_Sheet1[[#This Row],[Store Name]],'lojas comp prom'!B:S,18,0) -> Shopping Interlagos | M92: =VLOOKUP(Table_Sheet1[[#This Row],[Store Name]],'lojas comp prom'!B:AA,26,0) -> 0 | N92: =VLOOKUP(Table_Sheet1[[#This Row],[Store Name]],'lojas comp prom'!B:L,11,0) -> SPC
A93: 46113.542 | B93: =MOD(Table_Sheet1[[#This Row],[Date/Time]],1) -> 0.54166667 | C93: SPC7612 | D93: PONTO FRIO - AVENIDA INTERLAGOS, 2255 - SHOPPING INTERLAGOS - SPC7612 | E93: G55256_SPC7612 | F93: G55256_SPC7612 | G93: 2 | H93: =VLOOKUP(Table_Sheet1[[#This Row],[Device Name]],'[1]AParelhos_&_LOJAS'!$C:$H,6,0) -> G55 | I93: =VLOOKUP(Table_Sheet1[[#This Row],[Device Name]],'[1]AParelhos_&_LOJAS'!$C:$I,7,0) -> 256 GB | J93: =VLOOKUP(Table_Sheet1[[#This Row],[Store Name]],'lojas comp prom'!B:T,19,0) -> PONTO FRIO | K93: =VLOOKUP(Table_Sheet1[[#This Row],[Store Name]],'lojas comp prom'!B:Z,25,0) -> 80 | L93: =VLOOKUP(Table_Sheet1[[#This Row],[Store Name]],'lojas comp prom'!B:S,18,0) -> Shopping Interlagos | M93: =VLOOKUP(Table_Sheet1[[#This Row],[Store Name]],'lojas comp prom'!B:AA,26,0) -> 0 | N93: =VLOOKUP(Table_Sheet1[[#This Row],[Store Name]],'lojas comp prom'!B:L,11,0) -> SPC
A94: 46113.542 | B94: =MOD(Table_Sheet1[[#This Row],[Date/Time]],1) -> 0.54166667 | C94: SPC7612 | D94: PONTO FRIO - AVENIDA INTERLAGOS, 2255 - SHOPPING INTERLAGOS - SPC7612 | E94: G56256_SPC7612 | F94: G56256_SPC7612 | G94: 4 | H94: =VLOOKUP(Table_Sheet1[[#This Row],[Device Name]],'[1]AParelhos_&_LOJAS'!$C:$H,6,0) -> G56 | I94: =VLOOKUP(Table_Sheet1[[#This Row],[Device Name]],'[1]AParelhos_&_LOJAS'!$C:$I,7,0) -> 256 GB | J94: =VLOOKUP(Table_Sheet1[[#This Row],[Store Name]],'lojas comp prom'!B:T,19,0) -> PONTO FRIO | K94: =VLOOKUP(Table_Sheet1[[#This Row],[Store Name]],'lojas comp prom'!B:Z,25,0) -> 80 | L94: =VLOOKUP(Table_Sheet1[[#This Row],[Store Name]],'lojas comp prom'!B:S,18,0) -> Shopping Interlagos | M94: =VLOOKUP(Table_Sheet1[[#This Row],[Store Name]],'lojas comp prom'!B:AA,26,0) -> 0 | N94: =VLOOKUP(Table_Sheet1[[#This Row],[Store Name]],'lojas comp prom'!B:L,11,0) -> SPC
A95: 46113.542 | B95: =MOD(Table_Sheet1[[#This Row],[Date/Time]],1) -> 0.54166667 | C95: SPC7612 | D95: PONTO FRIO - AVENIDA INTERLAGOS, 2255 - SHOPPING INTERLAGOS - SPC7612 | E95: G86256_SPC7612 | F95: G86256_SPC7612 | G95: 1 | H95: =VLOOKUP(Table_Sheet1[[#This Row],[Device Name]],'[1]AParelhos_&_LOJAS'!$C:$H,6,0) -> G86 | I95: =VLOOKUP(Table_Sheet1[[#This Row],[Device Name]],'[1]AParelhos_&_LOJAS'!$C:$I,7,0) -> 256 GB | J95: =VLOOKUP(Table_Sheet1[[#This Row],[Store Name]],'lojas comp prom'!B:T,19,0) -> PONTO FRIO | K95: =VLOOKUP(Table_Sheet1[[#This Row],[Store Name]],'lojas comp prom'!B:Z,25,0) -> 80 | L95: =VLOOKUP(Table_Sheet1[[#This Row],[Store Name]],'lojas comp prom'!B:S,18,0) -> Shopping Interlagos | M95: =VLOOKUP(Table_Sheet1[[#This Row],[Store Name]],'lojas comp prom'!B:AA,26,0) -> 0 | N95: =VLOOKUP(Table_Sheet1[[#This Row],[Store Name]],'lojas comp prom'!B:L,11,0) -> SPC
A96: 46113.542 | B96: =MOD(Table_Sheet1[[#This Row],[Date/Time]],1) -> 0.54166667 | C96: SPC7612 | D96: PONTO FRIO - AVENIDA INTERLAGOS, 2255 - SHOPPING INTERLAGOS - SPC7612 | E96: Razr50Ultra512_SPC7612 | F96: Razr50Ultra512_SPC7612 | G96: 1 | H96: =VLOOKUP(Table_Sheet1[[#This Row],[Device Name]],'[1]AParelhos_&_LOJAS'!$C:$H,6,0) -> Razr 50 Ultra | I96: =VLOOKUP(Table_Sheet1[[#This Row],[Device Name]],'[1]AParelhos_&_LOJAS'!$C:$I,7,0) -> 512 GB | J96: =VLOOKUP(Table_Sheet1[[#This Row],[Store Name]],'lojas comp prom'!B:T,19,0) -> PONTO FRIO | K96: =VLOOKUP(Table_Sheet1[[#This Row],[Store Name]],'lojas comp prom'!B:Z,25,0) -> 80 | L96: =VLOOKUP(Table_Sheet1[[#This Row],[Store Name]],'lojas comp prom'!B:S,18,0) -> Shopping Interlagos | M96: =VLOOKUP(Table_Sheet1[[#This Row],[Store Name]],'lojas comp prom'!B:AA,26,0) -> 0 | N96: =VLOOKUP(Table_Sheet1[[#This Row],[Store Name]],'lojas comp prom'!B:L,11,0) -> SPC
A97: 46113.542 | B97: =MOD(Table_Sheet1[[#This Row],[Date/Time]],1) -> 0.54166667 | C97: SPC7614 | D97: LOJAS AMERICANAS - AVENIDA INTERLAGOS, 2255 - SHOPPING INTERLAGOS - SPC7614 | E97: Edge60Pro256_SPC7614 | F97: Edge60Pro256_SPC7614 | G97: 3 | H97: Edge 60 Pro | I97: 256 GB | J97: =VLOOKUP(Table_Sheet1[[#This Row],[Store Name]],'lojas comp prom'!B:T,19,0) -> LOJAS AMERICANAS | K97: =VLOOKUP(Table_Sheet1[[#This Row],[Store Name]],'lojas comp prom'!B:Z,25,0) -> 80 | L97: =VLOOKUP(Table_Sheet1[[#This Row],[Store Name]],'lojas comp prom'!B:S,18,0) -> Shopping Interlagos | M97: =VLOOKUP(Table_Sheet1[[#This Row],[Store Name]],'lojas comp prom'!B:AA,26,0) -> 0 | N97: =VLOOKUP(Table_Sheet1[[#This Row],[Store Name]],'lojas comp prom'!B:L,11,0) -> SPC
A98: 46113.542 | B98: =MOD(Table_Sheet1[[#This Row],[Date/Time]],1) -> 0.54166667 | C98: SPC7614 | D98: LOJAS AMERICANAS - AVENIDA INTERLAGOS, 2255 - SHOPPING INTERLAGOS - SPC7614 | E98: G35256_SPC7614 | F98: G35256_SPC7614 | G98: 2 | H98: =VLOOKUP(Table_Sheet1[[#This Row],[Device Name]],'[1]AParelhos_&_LOJAS'!$C:$H,6,0) -> G35 | I98: =VLOOKUP(Table_Sheet1[[#This Row],[Device Name]],'[1]AParelhos_&_LOJAS'!$C:$I,7,0) -> 256 GB | J98: =VLOOKUP(Table_Sheet1[[#This Row],[Store Name]],'lojas comp prom'!B:T,19,0) -> LOJAS AMERICANAS | K98: =VLOOKUP(Table_Sheet1[[#This Row],[Store Name]],'lojas comp prom'!B:Z,25,0) -> 80 | L98: =VLOOKUP(Table_Sheet1[[#This Row],[Store Name]],'lojas comp prom'!B:S,18,0) -> Shopping Interlagos | M98: =VLOOKUP(Table_Sheet1[[#This Row],[Store Name]],'lojas comp prom'!B:AA,26,0) -> 0 | N98: =VLOOKUP(Table_Sheet1[[#This Row],[Store Name]],'lojas comp prom'!B:L,11,0) -> SPC
A99: 46113.542 | B99: =MOD(Table_Sheet1[[#This Row],[Date/Time]],1) -> 0.54166667 | C99: SPC7614 | D99: LOJAS AMERICANAS - AVENIDA INTERLAGOS, 2255 - SHOPPING INTERLAGOS - SPC7614 | E99: G56256_SPC7614 | F99: G56256_SPC7614 | G99: 3 | H99: =VLOOKUP(Table_Sheet1[[#This Row],[Device Name]],'[1]AParelhos_&_LOJAS'!$C:$H,6,0) -> G56 | I99: =VLOOKUP(Table_Sheet1[[#This Row],[Device Name]],'[1]AParelhos_&_LOJAS'!$C:$I,7,0) -> 256 GB | J99: =VLOOKUP(Table_Sheet1[[#This Row],[Store Name]],'lojas comp prom'!B:T,19,0) -> LOJAS AMERICANAS | K99: =VLOOKUP(Table_Sheet1[[#This Row],[Store Name]],'lojas comp prom'!B:Z,25,0) -> 80 | L99: =VLOOKUP(Table_Sheet1[[#This Row],[Store Name]],'lojas comp prom'!B:S,18,0) -> Shopping Interlagos | M99: =VLOOKUP(Table_Sheet1[[#This Row],[Store Name]],'lojas comp prom'!B:AA,26,0) -> 0 | N99: =VLOOKUP(Table_Sheet1[[#This Row],[Store Name]],'lojas comp prom'!B:L,11,0) -> SPC
A100: 46113.542 | B100: =MOD(Table_Sheet1[[#This Row],[Date/Time]],1) -> 0.54166667 | C100: SPC7614 | D100: LOJAS AMERICANAS - AVENIDA INTERLAGOS, 2255 - SHOPPING INTERLAGOS - SPC7614 | E100: G77256_SPC7614 | F100: G77256_SPC7614 | G100: 3 | H100: =VLOOKUP(Table_Sheet1[[#This Row],[Device Name]],'[1]AParelhos_&_LOJAS'!$C:$H,6,0) -> G77 | I100: =VLOOKUP(Table_Sheet1[[#This Row],[Device Name]],'[1]AParelhos_&_LOJAS'!$C:$I,7,0) -> 256 GB | J100: =VLOOKUP(Table_Sheet1[[#This Row],[Store Name]],'lojas comp prom'!B:T,19,0) -> LOJAS AMERICANAS | K100: =VLOOKUP(Table_Sheet1[[#This Row],[Store Name]],'lojas comp prom'!B:Z,25,0) -> 80 | L100: =VLOOKUP(Table_Sheet1[[#This Row],[Store Name]],'lojas comp prom'!B:S,18,0) -> Shopping Interlagos | M100: =VLOOKUP(Table_Sheet1[[#This Row],[Store Name]],'lojas comp prom'!B:AA,26,0) -> 0 | N100: =VLOOKUP(Table_Sheet1[[#This Row],[Store Name]],'lojas comp prom'!B:L,11,0) -> SPC
A101: 46113.542 | B101: =MOD(Table_Sheet1[[#This Row],[Date/Time]],1) -> 0.54166667 | C101: SPC7614 | D101: LOJAS AMERICANAS - AVENIDA INTERLAGOS, 2255 - SHOPPING INTERLAGOS - SPC7614 | E101: G86256_SPC7614 | F101: G86256_SPC7614 | G101: 1 | H101: =VLOOKUP(Table_Sheet1[[#This Row],[Device Name]],'[1]AParelhos_&_LOJAS'!$C:$H,6,0) -> G86 | I101: =VLOOKUP(Table_Sheet1[[#This Row],[Device Name]],'[1]AParelhos_&_LOJAS'!$C:$I,7,0) -> 256 GB | J101: =VLOOKUP(Table_Sheet1[[#This Row],[Store Name]],'lojas comp prom'!B:T,19,0) -> LOJAS AMERICANAS | K101: =VLOOKUP(Table_Sheet1[[#This Row],[Store Name]],'lojas comp prom'!B:Z,25,0) -> 80 | L101: =VLOOKUP(Table_Sheet1[[#This Row],[Store Name]],'lojas comp prom'!B:S,18,0) -> Shopping Interlagos | M101: =VLOOKUP(Table_Sheet1[[#This Row],[Store Name]],'lojas comp prom'!B:AA,26,0) -> 0 | N101: =VLOOKUP(Table_Sheet1[[#This Row],[Store Name]],'lojas comp prom'!B:L,11,0) -> SPC
...

Sheet lojas comp prom
A1: id_pdv | B1: ponto_de_venda | C1: endereco | D1: numero | E1: complemento | F1: bairro | G1: cidade | H1: uf | I1: cep | J1: coordenadas | K1: microrregional | L1: macrorregional | M1: cod_spar | N1: ativo | O1: cnpj | P1: id_ext_pdv | Q1: rede_ | R1: Coluna1 | S1: centro_comercial | T1: campo_extra | U1: tipo_de_loja | V1: rede | W1: bandeira | X1: Total Atendimentos 3 meses | Y1: Cluster EVER | Z1: 80/20 | AA1: visibilidade | AB1: Intersec
A2: 21875 | B2: CLARO - AVENIDA JOAO WALLIG, 1800 - SHOPPING IGUATEMI PORTO ALEGRE - SUL7372 | C2: AVENIDA JOAO WALLIG | D2: 1800 | E2: LOJA 1246,1ºPISO | F2: PASSO D'AREIA | G2: Porto Alegre | H2: RS | I2: 91349900 | J2: -30.024227 , -51.161819 | K2: SUL 2 | L2: SUL | M2: SUL7372 | N2: Sim | O2: 40432544009101 | P2: 5106 | Q2: CLARO | S2: Shopping Iguatemi Porto Alegre | T2: CLARO LP | U2: OPERADORA | V2: CLARO | W2: CLARO LP | X2: 100 | Y2: A | Z2: 80 | AA2: 1 | AB2: 1
A3: 21378 | B3: CASAS BAHIA - AVENIDA JOSE PINHEIRO BORGES, S/N - SHOPPING METRO ITAQUERA - SPC7759 | C3: AVENIDA JOSE PINHEIRO BORGES | D3: S/N | E3: LOJAS 129 E 130,T | F3: ITAQUERA | G3: São Paulo | H3: SP | I3: 8220385 | J3: -23.540546 , -46.470375 | K3: SPC 7 | L3: SPC | M3: SPC7759 | N3: Sim | O3: 33041260115573 | P3: 1172 | Q3: VAREJO | S3: Shopping Itaquera | T3: CASAS BAHIA | U3: VAREJO | V3: VIA VAREJO | W3: CASAS BAHIA | X3: 78 | Y3: A | Z3: 80 | AA3: 0 | AB3: 0
A4: 23716 | B4: MAGAZINE LUIZA - AVENIDA REPLUBICA DO LIBANO, 251 - SHOPPING RIO MAR - NE7945 | C4: AVENIDA REPUBLICA DO LIBANO | D4: 251 | E4: LOJA 1099 E 1100 | F4: PINA | G4: Recife | H4: PE | I4: 51110160 | J4: -8.086065 , -34.895043 | K4: NE 1 | L4: NE | M4: NE7945 | N4: Sim | O4: 47960950088207 | P4: 713 | Q4: VAREJO | S4: Shopping Rio Mar | T4: MAGAZINE LUIZA | U4: VAREJO | V4: MAGAZINE LUIZA | W4: MAGAZINE LUIZA | X4: 77 | Y4: A | Z4: 80 | AA4: 1 | AB4: 1
A5: 23935 | B5: MAGAZINE LUIZA - RUA PADRE CARAPUCEIRO, 777 - SHOPPING RECIFE - NE5959 | C5: RUA CARAPUCEIRO | D5: 777 | E5: LOJAS 29 E 30 A | F5: BOA VIAGEM | G5: Recife | H5: PE | I5: 51020900 | J5: -8.119827 , -34.905079 | K5: NE 1 | L5: NE | M5: NE5959 | N5: Sim | O5: 47960950080214 | P5: 851 | Q5: VAREJO | S5: Shopping Recife | T5: MAGAZINE LUIZA | U5: VAREJO | V5: MAGAZINE LUIZA | W5: MAGAZINE LUIZA | X5: 77 | Y5: A | Z5: 80 | AA5: 1 | AB5: 1
A6: 21450 | B6: CASAS BAHIA - AVENIDA REPLUBICA DO LIBANO, 251 - SHOPPING RIO MAR - NE6897 | C6: AVENIDA REPUBLICA DO LIBANO | D6: 251 | F6: PINA | G6: Recife | H6: PE | I6: 51110160 | J6: -8.085789 , -34.89513 | K6: NE 1 | L6: NE | M6: NE6897 | N6: Sim | O6: 33041260094207 | P6: 1685 | Q6: VAREJO | S6: Shopping Rio Mar | T6: CASAS BAHIA | U6: VAREJO | V6: VIA VAREJO | W6: CASAS BAHIA | X6: 74 | Y6: A | Z6: 80 | AA6: 1 | AB6: 1
A7: 23741 | B7: MAGAZINE LUIZA - AVENIDA TANCREDO NEVES, 148 - SHOPPING DA BAHIA - NE40438 | C7: AVENIDA TANCREDO NEVES | D7: 148 | E7: LOJAS 53 A 56- 62/63 | F7: CAMINHO DAS ARVORES | G7: Salvador | H7: BA | I7: 41820908 | J7: -12.981811 , -38.464088 | K7: NE 4 | L7: NE | M7: NE40438 | N7: Sim | O7: 47960950076101 | P7: 747 | Q7: VAREJO | S7: Shopping Da Bahia | T7: MAGAZINE LUIZA | U7: VAREJO | V7: MAGAZINE LUIZA | W7: MAGAZINE LUIZA | X7: 74 | Y7: A | Z7: 80 | AA7: 1 | AB7: 1
A8: 21284 | B8: CASAS BAHIA - AVENIDA ARICANDUVA, 5555 (LOJA 2) - SHOPPING ARICANDUVA - SPC22892 | C8: AVENIDA ARICANDUVA | D8: 5555 | E8: LOJA 30 | F8: VILA MATILDE | G8: São Paulo | H8: SP | I8: 3527900 | J8: -23.565256 , -46.503628 | K8: SPC 7 | L8: SPC | M8: SPC22892 | N8: Sim | O8: 33041260210991 | P8: 3100 | Q8: VAREJO | S8: Shopping Aricanduva | T8: CASAS BAHIA | U8: VAREJO | V8: VIA VAREJO | W8: CASAS BAHIA | X8: 72 | Y8: A | Z8: 80 | AA8: 0 | AB8: 0
A9: 26350 | B9: CASAS BAHIA - RUA ERNEST RENAN, 1032 - ZONA COMERCIAL - SPC11263 | C9: RUA ERNEST RENAN | D9: 1032 | F9: PARAISOPOLIS | G9: São Paulo | H9: SP | I9: 5659020 | J9: -23.6140632 , -46.7244753 | K9: SPC 8 | L9: SPC | M9: SPC11263 | N9: Sim | O9: 33041260101785 | P9: 1294 | Q9: VAREJO | S9: Loja De Rua | T9: CASAS BAHIA | U9: VAREJO | V9: VIA VAREJO | W9: CASAS BAHIA | X9: 72 | Y9: A | Z9: 80 | AA9: 0 | AB9: 0
A10: 112869 | B10: MAGAZINE LUIZA - QUADRA CL 214 LOTE B, S/N - MGCO258120 | C10: QUADRA CL 214 LOTE B | D10: S/N | E10: LOJA 1 E 2 | F10: SANTA MARIA | G10: Brasília | H10: DF | I10: 72544220 | J10: -16.0071534,-48.0015546 | K10: MG CO 1 | L10: MG CO | M10: MGCO258120 | N10: Sim | O10: 47960950143070 | P10: 1164 | Q10: VAREJO | S10: Loja De Rua | T10: MAGAZINE LUIZA | U10: VAREJO | V10: MAGAZINE LUIZA | W10: MAGAZINE LUIZA | X10: 72 | Y10: A | Z10: 80 | AA10: 0 | AB10: 0
A11: 24708 | B11: PONTO FRIO - RUA CAPITAO TIAGO LUZ, 146 - ZONA COMERCIAL - SPC7621 | C11: PRACA FLORIANO PEIXOTO | D11: 146 | E11: FILIAL 725 | F11: SANTO AMARO | G11: São Paulo | H11: SP | I11: 4751030 | J11: -23.651297 , -46.707901 | K11: SPC 8 | L11: SPC | M11: SPC7621 | N11: Sim | O11: 33041260030829 | P11: 275 | Q11: VAREJO | S11: Loja De Rua | T11: PONTO FRIO | U11: VAREJO | V11: VIA VAREJO | W11: PONTO FRIO | X11: 72 | Y11: A | Z11: 80 | AA11: 0 | AB11: 0
A12: 25438 | B12: VIVO - AVENIDA JOAO WALLIG, 1800 - SHOPPING IGUATEMI PORTO ALEGRE - SUL6219 | C12: AVENIDA JOAO WALLIG | D12: 1800 | E12: LOJA 147 PISO 1 PART | F12: PASSO D'AREIA | G12: Porto Alegre | H12: RS | I12: 91340001 | J12: -30.024227 , -51.161819 | K12: SUL 2 | L12: SUL | M12: SUL6219 | N12: Sim | O12: 2558157035039 | P12: LOJA IGUATEMI RS | Q12: VIVO | S12: Shopping Iguatemi Porto Alegre | T12: VIVO LP | U12: OPERADORA | V12: VIVO | W12: VIVO LP | X12: 72 | Y12: A | Z12: 20 | AA12: 1 | AB12: 0
A13: 21475 | B13: CASAS BAHIA - AVENIDA TANCREDO NEVES, 148 (LOJA 1) - SHOPPING DA BAHIA - NE7413 | C13: AVENIDA TANCREDO NEVES | D13: 148 | E13: LOJA 2A,9 E 10,QD D | F13: CAMINHO DAS ARVORES | G13: Salvador | H13: BA | I13: 41820908 | J13: -12.981811 , -38.464088 | K13: NE 4 | L13: NE | M13: NE7413 | N13: Sim | O13: 33041260138433 | P13: 1499 | Q13: VAREJO | S13: Shopping Da Bahia | T13: CASAS BAHIA | U13: VAREJO | V13: VIA VAREJO | W13: CASAS BAHIA | X13: 71 | Y13: A | Z13: 80 | AA13: 1 | AB13: 1
A14: 23841 | B14: MAGAZINE LUIZA - RUA CAPITAO TIAGO LUZ, 139 - ZONA COMERCIAL - SPC7618 | C14: RUA CAPITAO TIAGO LUZ | D14: 121 | E14: 125 | F14: SANTO AMARO | G14: São Paulo | H14: SP | I14: 4751010 | J14: -23.653011 , -46.706856 | K14: SPC 8 | L14: SPC | M14: SPC7618 | N14: Sim | O14: 47960950070928 | P14: 958 | Q14: VAREJO | S14: Loja De Rua | T14: MAGAZINE LUIZA | U14: VAREJO | V14: MAGAZINE LUIZA | W14: MAGAZINE LUIZA | X14: 71 | Y14: A | Z14: 80 | AA14: 0 | AB14: 0
A15: 23588 | B15: MAGAZINE LUIZA - AVENIDA BERNADO VIEIRA, 3775 - MIDWAY - NE79537 | C15: AVENIDA BERNARDO VIEIRA | D15: 3775 | E15: LOJA 120A PISO L1 | F15: TIROL | G15: Natal | H15: RN | I15: 59015900 | J15: -5.811385 , -35.206245 | K15: NE 2 | L15: NE | M15: NE79537 | N15: Sim | O15: 47960950101157 | P15: 1204 | Q15: VAREJO | S15: Shopping Midway Mall | T15: MAGAZINE LUIZA | U15: VAREJO | V15: MAGAZINE LUIZA | W15: MAGAZINE LUIZA | X15: 71 | Y15: A | Z15: 80 | AA15: 1 | AB15: 1
A16: 21197 | B16: CARREFOUR - SAI/SO AREA 6580, S/N - PARK SHOPPING - MGCO18545 | C16: SAI/SO AREA 6580 | D16: S/N | E16: SEM COMPLEMENTO | F16: GUARA | G16: Brasília | H16: DF | I16: 71219900 | J16: -15.8335067 , -47.9552839 | K16: MG CO 1 | L16: MG CO | M16: MGCO18545 | N16: Sim | O16: 45543915000343 | P16: BSB | Q16: VAREJO | S16: Park Shopping | T16: CARREFOUR | U16: VAREJO | V16: CARREFOUR | W16: CARREFOUR | X16: 70 | Y16: A | Z16: 80 | AA16: 1 | AB16: 1
A17: 21525 | B17: CASAS BAHIA - PRACA FLORIANO PEIXOTO, 38 - ZONA COMERCIAL - SPC11232 | C17: PRACA MARECHAL FLORIANO PEIXOTO | D17: 38 | E17: A,44 E 50 | F17: SANTO AMARO | G17: São Paulo | H17: SP | I17: 4751030 | J17: -23.652002 , -46.707207 | K17: SPC 8 | L17: SPC | M17: SPC11232 | N17: Sim | O17: 33041260100541 | P17: 1060 | Q17: VAREJO | S17: Loja De Rua | T17: CASAS BAHIA | U17: VAREJO | V17: VIA VAREJO | W17: CASAS BAHIA | X17: 70 | Y17: A | Z17: 80 | AA17: 0 | AB17: 0
A18: 21453 | B18: CASAS BAHIA - AVENIDA RIO VERDE, S/N - SHOPPING BURITI - MGCO20073 | C18: AVENIDA RIO VERDE | D18: S/N | E18: LOJAS141 E 143 | F18: VILA SAO TOMAZ | G18: Aparecida de Goiânia | H18: GO | I18: 74916260 | J18: -16.741322 , -49.277218 | K18: MG CO 2 | L18: MG CO | M18: MGCO20073 | N18: Sim | O18: 33041260108364 | P18: 1330 | Q18: VAREJO | S18: Shopping Buriti | T18: CASAS BAHIA | U18: VAREJO | V18: VIA VAREJO | W18: CASAS BAHIA | X18: 70 | Y18: A | Z18: 80 | AA18: 1 | AB18: 1
A19: 21477 | B19: CASAS BAHIA - AVENIDA TANCREDO NEVES, 3133 - SHOPPING SALVADOR - NE7415 | C19: AVENIDA TANCREDO NEVES | D19: 3133 | E19: SALAO COMERCIAL | F19: CAMINHO DAS ARVORES | G19: Salvador | H19: BA | I19: 41828920 | J19: -12.978583 , -38.454796 | K19: NE 4 | L19: NE | M19: NE7415 | N19: Sim | O19: 33041260139162 | P19: 1572 | Q19: VAREJO | S19: Shopping Salvador | T19: CASAS BAHIA | U19: VAREJO | V19: VIA VAREJO | W19: CASAS BAHIA | X19: 70 | Y19: A | Z19: 80 | AA19: 1 | AB19: 1
A20: 21700 | B20: CASAS BAHIA - RUA PADRE CARAPUCEIRO, 777 - SHOPPING RECIFE - NE39626 | C20: RUA CARAPUCEIRO | D20: 777 | E20: LUCS139/140 | F20: BOA VIAGEM | G20: Recife | H20: PE | I20: 51020900 | J20: -8.119827 , -34.905079 | K20: NE 1 | L20: NE | M20: NE39626 | N20: Sim | O20: 33041260186322 | P20: 2239 | Q20: VAREJO | S20: Shopping Recife | T20: CASAS BAHIA | U20: VAREJO | V20: VIA VAREJO | W20: CASAS BAHIA | X20: 70 | Y20: A | Z20: 80 | AA20: 1 | AB20: 1
A21: 22944 | B21: LOJAS AMERICANAS - AVENIDA DAS AMERICAS, 4666 - BARRA SHOPPING - RJES7550 | C21: AVENIDA DAS AMERICAS | D21: 4666 | E21: LOJA C,1,2 E 3 | F21: BARRA DA TIJUCA | G21: Rio de Janeiro | H21: RJ | I21: 22631004 | J21: -22.99758 , -43.358112 | K21: RJ ES 3 | L21: RJ ES | M21: RJES7550 | N21: Sim | O21: 776574088908 | P21: L067 | Q21: VAREJO | S21: Barra Shopping | T21: LOJAS AMERICANAS | U21: VAREJO | V21: LOJAS AMERICANAS | W21: LOJAS AMERICANAS | X21: 70 | Y21: A | Z21: 80 | AA21: 1 | AB21: 1
... A26: 85199 | B26: MAGAZINE LUIZA - AVENIDA RIO VERDE, S/N - SHOPPING BURITI - MGCO239760 | C26: AVENIDA RIO VERDE | D26: S/N | E26: Qd 102/104 LOJA 178 | F26: VILA SÃO TOMAZ | G26: Aparecida de Goiânia | H26: GO | I26: 74916260 | J26: -16.7410576, -49.2769892 | K26: MG CO 2 | L26: MG CO | M26: MGCO239760 | N26: Sim | O26: 47960950172763 | P26: 1563 | Q26: VAREJO | S26: Shopping Buriti | T26: MAGAZINE LUIZA | U26: VAREJO | V26: MAGAZINE LUIZA | W26: MAGAZINE LUIZA | X26: 70 | Y26: A | Z26: 80 | AA26: 1 | AB26: 1
A27: 106323 | B27: MAGAZINE LUIZA - AVENIDA DAS AMERICAS, 4666 - BARRA SHOPPING - RJES250470 | C27: AVENIDA DAS AMERICAS | D27: 4666 | F27: BARRA DA TIJUCA | G27: Rio De Janeiro | H27: RJ | I27: 22640102 | J27: -22.99758 , -43.358112 | K27: RJ ES 3 | L27: RJ ES | M27: RJES250470 | N27: Sim | O27: 47960950183706 | P27: 1644 | Q27: VAREJO | S27: Barra Shopping | T27: MAGAZINE LUIZA | U27: VAREJO | V27: MAGAZINE LUIZA | W27: MAGAZINE LUIZA | X27: 70 | Y27: A | Z27: 20 | AA27: 1 | AB27: 0
A28: 21179 | B28: CARREFOUR - RODOVIA REGIS BITTENCOURT KM 271, 2643 - SHOPPING TABOAO DA SERRA - SPC10654 | C28: RODOVIA REGIS BITTENCOURT | D28: 2643 | E28: KM 271,5 | F28: CIDADE INTERCAP | G28: Taboão da Serra | H28: SP | I28: 6768200 | J28: -23.615 , -46.776707 | K28: SPC 5 | L28: SPC | M28: SPC10654 | N28: Sim | O28: 45543915022401 | P28: STS | Q28: VAREJO | S28: Shopping Taboão Da Serra | T28: CARREFOUR | U28: VAREJO | V28: CARREFOUR | W28: CARREFOUR | X28: 69 | Y28: A | Z28: 80 | AA28: 0 | AB28: 0
A29: 23200 | B29: LOJAS AMERICANAS - RUA 15 DE NOVEMBRO, 8 - SHOPPING PLAZA NITEROI - RJES7540 | C29: RUA XV DE NOVEMBRO | D29: 8 | E29: LOJA 317 E 382 | F29: CENTRO | G29: Niterói | H29: RJ | I29: 24020120 | J29: -22.897249 , -43.123871 | K29: RJ ES 5 | L29: RJ ES | M29: RJES7540 | N29: Sim | O29: 776574080400 | P29: L087 | Q29: VAREJO | S29: Shopping Plaza Niteroi | T29: LOJAS AMERICANAS | U29: VAREJO | V29: LOJAS AMERICANAS | W29: LOJAS AMERICANAS | X29: 69 | Y29: A | Z29: 80 | AA29: 1 | AB29: 1
A30: 23742 | B30: MAGAZINE LUIZA - AVENIDA TANCREDO NEVES, 3133 - SHOPPING SALVADOR - NE41587 | C30: AVENIDA TANCREDO NEVES | D30: 3133 | E30: LUC 4019 | F30: CAMINHO DAS ARVORES | G30: Salvador | H30: BA | I30: 41828920 | J30: -12.978583 , -38.454796 | K30: NE 4 | L30: NE | M30: NE41587 | N30: Sim | O30: 47960950090953 | P30: 725 | Q30: VAREJO | S30: Shopping Salvador | T30: MAGAZINE LUIZA | U30: VAREJO | V30: MAGAZINE LUIZA | W30: MAGAZINE LUIZA | X30: 69 | Y30: A | Z30: 80 | AA30: 1 | AB30: 1
A31: 109188 | B31: MAGAZINE LUIZA - RUA JOSE DE ALVARENGA, 230 - RJES254860 | C31: RUA JOSE DE ALVARENGA | D31: 230 | F31: CENTRO | G31: Duque de Caxias | H31: RJ | I31: 25020140 | J31: -22.789356,-43.3135987 | K31: RJ ES 1 | L31: RJ ES | M31: RJES254860 | N31: Sim | O31: 47960950178290 | P31: 1619 | Q31: VAREJO | S31: Loja De Rua | T31: MAGAZINE LUIZA | U31: VAREJO | V31: MAGAZINE LUIZA | W31: MAGAZINE LUIZA | X31: 69 | Y31: A | Z31: 80 | AA31: 0 | AB31: 0
A32: 25475 | B32: VIVO - AVENIDA ROQUE PETRONI JUNIOR, 1089 - SHOPPING MORUMBI - SPC7261 | C32: AVENIDA ROQUE PETRONI JUNIOR | D32: 1089 | E32: LOJA 100 | F32: VILA GERTRUDES | G32: São Paulo | H32: SP | I32: 4707000 | J32: -23.623056 , -46.698708 | K32: SPC 8 | L32: SPC | M32: SPC7261 | N32: Sim | O32: 2558157006950 | P32: LOJA SHOPPING MORUMBI SP | Q32: VIVO | S32: Shopping Morumbi | T32: VIVO LP | U32: OPERADORA | V32: VIVO | W32: VIVO LP | X32: 69 | Y32: A | Z32: 20 | AA32: 1 | AB32: 0
A33: 21120 | B33: CARREFOUR - AVENIDA DEPUTADO JAMEL CECILIO, 3900 - ZONA COMERCIAL - MGCO6828 | C33: AVENIDA DEPUTADO JAMEL CECILIO | D33: 3900 | F33: JARDIM GOIÁS | G33: Goiânia | H33: GO | I33: 74810100 | J33: -16.711329 , -49.233458 | K33: MG CO 2 | L33: MG CO | M33: MGCO6828 | N33: Sim | O33: 45543915002478 | P33: GOS | Q33: VAREJO | S33: Loja De Rua | T33: CARREFOUR | U33: VAREJO | V33: CARREFOUR | W33: CARREFOUR | X33: 68 | Y33: A | Z33: 80 | AA33: 0 | AB33: 0
A34: 21133 | B34: CARREFOUR - AVENIDA INTERLAGOS, 2501 - SHOPPING INTERLAGOS - SPC20237 | C34: AVENIDA INTERLAGOS | D34: 2501 | F34: VILA CAMPO GRANDE | G34: São Paulo | H34: SP | I34: 4661200 | J34: -23.6773453954232 , -46.67554445341185 | K34: SPC 5 | L34: SPC | M34: SPC20237 | N34: Sim | O34: 45543915002125 | P34: SPI | Q34: VAREJO | S34: Shopping Interlagos | T34: CARREFOUR | U34: VAREJO | V34: CARREFOUR | W34: CARREFOUR | X34: 68 | Y34: A | Z34: 80 | AA34: 0 | AB34: 0
A35: 21148 | B35: CARREFOUR - AVENIDA PIRACEMA, 669 - SHOPPING TAMBORE - SPC6447 | C35: AVENIDA PIRACEMA | D35: 669 | F35: TAMBORE | G35: Barueri | H35: SP | I35: 6460030 | J35: -23.504423 , -46.834595 | K35: SPC 4 | L35: SPC | M35: SPC6447 | N35: Sim | O35: 45543915003288 | P35: TBE | Q35: VAREJO | S35: Shopping Tambore | T35: CARREFOUR | U35: VAREJO | V35: CARREFOUR | W35: CARREFOUR | X35: 68 | Y35: A | Z35: 80 | AA35: 0 | AB35: 0
A36: 21362 | B36: CASAS BAHIA - AVENIDA INTERLAGOS, 2255 - SHOPPING INTERLAGOS - SPC7613 | C36: AVENIDA INTERLAGOS | D36: 2255 | E36: LOJA ANCORA B | F36: VILA CAMPO GRANDE | G36: São Paulo | H36: SP | I36: 4661200 | J36: -23.676455 , -46.676823 | K36: SPC 5 | L36: SPC | M36: SPC7613 | N36: Sim | O36: 33041260100207 | P36: 1042 | Q36: VAREJO | S36: Shopping Interlagos | T36: CASAS BAHIA | U36: VAREJO | V36: VIA VAREJO | W36: CASAS BAHIA | X36: 68 | Y36: A | Z36: 80 | AA36: 0 | AB36: 0
A37: 21285 | B37: CASAS BAHIA - AVENIDA ARNIQUEIRA QS 1 RUA 210 LOTE 40, S/N - SHOPPING TAGUATINGA - MGCO5703 | C37: RUA DUZENTOS E DEZ, QS 1, LOTE 40 | D37: S/N | E37: LOTE 40 SUC 3068 | F37: TAGUATINGA | G37: Brasília | H37: DF | I37: 71950770 | J37: -15.84151 , -48.044277 | K37: MG CO 1 | L37: MG CO | M37: MGCO5703 | N37: Sim | O37: 33041260111314 | P37: 1610 | Q37: VAREJO | S37: Shopping Taguatinga | T37: CASAS BAHIA | U37: VAREJO | V37: VIA VAREJO | W37: CASAS BAHIA | X37: 68 | Y37: A | Z37: 80 | AA37: 1 | AB37: 1
A38: 23086 | B38: LOJAS AMERICANAS - AVENIDA REPLUBICA DO LIBANO, 251 - SHOPPING RIO MAR - NE5967 | C38: AVENIDA REPUBLICA DO LIBANO | D38: 251 | E38: LOJA 1089 | F38: PINA | G38: Recife | H38: PE | I38: 51110900 | J38: -8.086065 , -34.895043 | K38: NE 1 | L38: NE | M38: NE5967 | N38: Sim | O38: 776574129515 | P38: L141 | Q38: VAREJO | S38: Shopping Rio Mar | T38: LOJAS AMERICANAS | U38: VAREJO | V38: LOJAS AMERICANAS | W38: LOJAS AMERICANAS | X38: 68 | Y38: A | Z38: 20 | AA38: 1 | AB38: 0
A39: 23315 | B39: LOJAS AMERICANAS - RUA PADRE CARAPUCEIRO, 777 - SHOPPING RECIFE - NE5912 | C39: RUA CARAPUCEIRO | D39: 777 | E39: PE 117 E 118 | F39: BOA VIAGEM | G39: Recife | H39: PE | I39: 51020900 | J39: -8.119827 , -34.905079 | K39: NE 1 | L39: NE | M39: NE5912 | N39: Sim | O39: 776574164345 | P39: L088 | Q39: VAREJO | S39: Shopping Recife | T39: LOJAS AMERICANAS | U39: VAREJO | V39: LOJAS AMERICANAS | W39: LOJAS AMERICANAS | X39: 68 | Y39: A | Z39: 80 | AA39: 1 | AB39: 1
A40: 23578 | B40: MAGAZINE LUIZA - AVENIDA ARICANDUVA, 5555 - SHOPPING ARICANDUVA - SPC6374 | C40: AVENIDA ARICANDUVA | D40: 5555 | E40: ANCORA 3 | F40: VILA MATILDE | G40: São Paulo | H40: SP | I40: 3527900 | J40: -23.565256 , -46.503628 | K40: SPC 7 | L40: SPC | M40: SPC6374 | N40: Sim | O40: 47960950052784 | P40: 537 | Q40: VAREJO | S40: Shopping Aricanduva | T40: MAGAZINE LUIZA | U40: VAREJO | V40: MAGAZINE LUIZA | W40: MAGAZINE LUIZA | X40: 68 | Y40: A | Z40: 80 | AA40: 0 | AB40: 0
A41: 23664 | B41: MAGAZINE LUIZA - AVENIDA JOSE PINHEIRO BORGES, S/N - SHOPPING METRO ITAQUERA - SPC6498 | C41: AVENIDA JOSE PINHEIRO BORGES | D41: S/N | E41: LOJA 211 E 212 | F41: ITAQUERA | G41: São Paulo | H41: SP | I41: 8220385 | J41: -23.540546 , -46.470375 | K41: SPC 7 | L41: SPC | M41: SPC6498 | N41: Sim | O41: 47960950054990 | P41: 564 | Q41: VAREJO | S41: Shopping Itaquera | T41: MAGAZINE LUIZA | U41: VAREJO | V41: MAGAZINE LUIZA | W41: MAGAZINE LUIZA | X41: 68 | Y41: A | Z41: 80 | AA41: 0 | AB41: 0
A42: 23660 | B42: MAGAZINE LUIZA - AVENIDA JOAO WALLIG, 1800 - SHOPPING IGUATEMI PORTO ALEGRE - SUL7562 | C42: AVENIDA JOAO WALLIG | D42: 1800 | E42: LOJA 139 | F42: PASSO D'AREIA | G42: Porto Alegre | H42: RS | I42: 91349900 | J42: -30.024227 , -51.161819 | K42: SUL 2 | L42: SUL | M42: SUL7562 | N42: Sim | O42: 47960950032406 | P42: 413 | Q42: VAREJO | S42: Shopping Iguatemi Porto Alegre | T42: MAGAZINE LUIZA | U42: VAREJO | V42: MAGAZINE LUIZA | W42: MAGAZINE LUIZA | X42: 68 | Y42: A | Z42: 80 | AA42: 1 | AB42: 1
A43: 20768 | B43: BEMOL - AVENIDA MARIO YPIRANGA, 1300 - SHOPPING MANAUARA - N10233 | C43: AVENIDA MARIO YPIRANGA | D43: 1300 | E43: LOJA ANCORA 5 / 6 | F43: ADRIANOPOLIS | G43: Manaus | H43: AM | I43: 69057002 | J43: -3.104119 , -60.011795 | K43: N 1 | L43: N | M43: N10233 | N43: Sim | O43: 04565289002948 | P43: Manauara | Q43: VAREJO | S43: Shopping Manauara | T43: BEMOL | U43: VAREJO | V43: BEMOL | W43: BEMOL | X43: 67 | Y43: A | Z43: 80 | AA43: 1 | AB43: 1
A44: 21348 | B44: CASAS BAHIA - AVENIDA GOVERNADOR AMARAL PEIXOTO, 25 - ZONA COMERCIAL - RJES6993 | C44: AVENIDA GOVERNADOR AMARAL PEIXOTO | D44: 25 | E44: 1784,LOJAS 4,6 E 8 | F44: CENTRO | G44: Nova Iguaçu | H44: RJ | I44: 26210000 | J44: -22.760298505102785 , -43.448208426322026 | K44: RJ ES 1 | L44: RJ ES | M44: RJES6993 | N44: Sim | O44: 33041260082039 | P44: 1279 | Q44: VAREJO | S44: Loja De Rua | T44: CASAS BAHIA | U44: VAREJO | V44: VIA VAREJO | W44: CASAS BAHIA | X44: 67 | Y44: A | Z44: 80 | AA44: 0 | AB44: 0
A45: 21409 | B45: CASAS BAHIA - AVENIDA NILO PECANHA, 190 - ZONA COMERCIAL - RJES9045 | C45: AVENIDA NILO PECANHA | D45: 190 | E45: A,190 D | F45: CENTRO | G45: Duque de Caxias | H45: RJ | I45: 25010144 | J45: -22.786467 , -43.31472 | K45: RJ ES 1 | L45: RJ ES | M45: RJES9045 | N45: Sim | O45: 33041260080095 | P45: 1189 | Q45: VAREJO | S45: Loja De Rua | T45: CASAS BAHIA | U45: VAREJO | V45: VIA VAREJO | W45: CASAS BAHIA | X45: 67 | Y45: A | Z45: 80 | AA45: 0 | AB45: 0
A46: 21320 | B46: CASAS BAHIA - AVENIDA CRISTIANO MACHADO, 4000 - SHOPPING MINAS - MGCO7437 | C46: AVENIDA CRISTIANO MACHADO | D46: 4000 | E46: LOJA LUC 1078 PISO L1 | F46: VILA CLORIS | G46: Belo Horizonte | H46: MG | I46: 31744007 | J46: -19.8748141 , -43.9262789 | K46: MG CO 3 | L46: MG CO | M46: MGCO7437 | N46: Sim | O46: 33041260134012 | P46: 1246 | Q46: VAREJO | S46: Shopping Minas | T46: CASAS BAHIA | U46: VAREJO | V46: VIA VAREJO | W46: CASAS BAHIA | X46: 67 | Y46: A | Z46: 80 | AA46: 1 | AB46: 1
A47: 21329 | B47: CASAS BAHIA - AVENIDA DOM HELDER CAMARA, 5474 - NORTE SHOPPING - RJES6050 | C47: AVENIDA DOM HELDER CAMARA | D47: 5474 | E47: LOJA 4104 PISO S | F47: PILARES | G47: Rio de Janeiro | H47: RJ | I47: 20771004 | J47: -22.887066 , -43.284348 | K47: RJ ES 2 | L47: RJ ES | M47: RJES6050 | N47: Sim | O47: 33041260083191 | P47: 1148 | Q47: VAREJO | S47: Norte Shopping | T47: CASAS BAHIA | U47: VAREJO | V47: VIA VAREJO | W47: CASAS BAHIA | X47: 67 | Y47: A | Z47: 80 | AA47: 1 | AB47: 1
... A56: 21429 | B56: CASAS BAHIA - AVENIDA PRESIDENTE CARLOS LUZ, 3001 - SHOPPING DEL REY - MGCO7449 | C56: AVENIDA PRESIDENTE CARLOS LUZ | D56: 3001 | E56: 1102,1114,1116,1118 | F56: PAMPULHA | G56: Belo Horizonte | H56: MG | I56: 31250010 | J56: -19.890087 , -43.968021 | K56: MG CO 3 | L56: MG CO | M56: MGCO7449 | N56: Sim | O56: 33041260133806 | P56: 1260 | Q56: VAREJO | S56: Shopping Del Rey | T56: CASAS BAHIA | U56: VAREJO | V56: VIA VAREJO | W56: CASAS BAHIA | X56: 66 | Y56: A | Z56: 80 | AA56: 1 | AB56: 1
A57: 26189 | B57: CASAS BAHIA - AVENIDA CENTRAL, 978 - ZONA COMERCIAL - RJES11822 | C57: AVENIDA CENTRAL | D57: 978 | G57: Serra | H57: ES | I57: 29165130 | J57: -20.1985896 , -40.2549351 | K57: RJ ES 2 | L57: RJ ES | M57: RJES11822 | N57: Sim | O57: 33041260099357 | P57: 1648 | Q57: VAREJO | S57: Loja De Rua | T57: CASAS BAHIA | U57: VAREJO | V57: VIA VAREJO | W57: CASAS BAHIA | X57: 66 | Y57: A | Z57: 80 | AA57: 0 | AB57: 0
A58: 21551 | B58: CASAS BAHIA - RODOVIA REGIS BITTENCOURT KM 271, 2643 - SHOPPING TABOAO DA SERRA - SPC9927 | C58: RODOVIA REGIS BITTENCOURT | D58: 2643 | F58: CIDADE INTERCAP | G58: Taboão da Serra | H58: SP | I58: 6768200 | J58: -23.615 , -46.776707 | K58: SPC 5 | L58: SPC | M58: SPC9927 | N58: Sim | O58: 33041260097907 | P58: 1302 | Q58: VAREJO | S58: Shopping Taboão Da Serra | T58: CASAS BAHIA | U58: VAREJO | V58: VIA VAREJO | W58: CASAS BAHIA | X58: 66 | Y58: A | Z58: 80 | AA58: 0 | AB58: 0
A59: 21933 | B59: CLARO - AVENIDA ROQUE PETRONI JUNIOR, 1089 - SHOPPING MORUMBI - SPC7255 | C59: AVENIDA ROQUE PETRONI JUNIOR | D59: 1089 | E59: LOJA 152 E 153 | F59: VILA GERTRUDES | G59: São Paulo | H59: SP | I59: 4707900 | J59: -23.623056 , -46.698708 | K59: SPC 8 | L59: SPC | M59: SPC7255 | N59: Sim | O59: 40432544018275 | P59: 1119 | Q59: CLARO | S59: Shopping Morumbi | T59: CLARO LP | U59: OPERADORA | V59: CLARO | W59: CLARO LP | X59: 66 | Y59: A | Z59: 80 | AA59: 1 | AB59: 1
A60: 21898 | B60: CLARO - AVENIDA MARIO YPIRANGA, 1300 - SHOPPING MANAUARA - N10232 | C60: AVENIDA MARIO YPIRANGA | D60: 1300 | E60: LOJA 70 | F60: ADRIANOPOLIS | G60: Manaus | H60: AM | I60: 69057002 | J60: -3.104119 , -60.011795 | K60: N 1 | L60: N | M60: N10232 | N60: Sim | O60: 40432544027932 | P60: 9201 | Q60: CLARO | S60: Shopping Manauara | T60: CLARO LP | U60: OPERADORA | V60: CLARO | W60: CLARO LP | X60: 66 | Y60: A | Z60: 20 | AA60: 1 | AB60: 0
A61: 23108 | B61: LOJAS AMERICANAS - AVENIDA TANCREDO NEVES, 148 - SHOPPING DA BAHIA - NE5571 | C61: AVENIDA TANCREDO NEVES | D61: 148 | E61: 1 PISO | F61: CAMINHO DAS ARVORES | G61: Salvador | H61: BA | I61: 41828900 | J61: -12.981211 , -38.465267 | K61: NE 4 | L61: NE | M61: NE5571 | N61: Sim | O61: 776574135590 | P61: L044 | Q61: VAREJO | S61: Shopping Da Bahia | T61: LOJAS AMERICANAS | U61: VAREJO | V61: LOJAS AMERICANAS | W61: LOJAS AMERICANAS | X61: 66 | Y61: A | Z61: 80 | AA61: 1 | AB61: 1
A62: 23851 | B62: MAGAZINE LUIZA - RUA CONSELHEIRO MAFRA, 122 - ZONA COMERCIAL - SUL7582 | C62: RUA CONSELHEIRO MAFRA | D62: 122 | E62: LOJA | F62: CENTRO | G62: Florianópolis | H62: SC | I62: 88010100 | J62: -27.597446 , -48.551731 | K62: SUL 1 | L62: SUL | M62: SUL7582 | N62: Sim | O62: 47960950041588 | P62: 373 | Q62: VAREJO | S62: Loja De Rua | T62: MAGAZINE LUIZA | U62: VAREJO | V62: MAGAZINE LUIZA | W62: MAGAZINE LUIZA | X62: 66 | Y62: A | Z62: 80 | AA62: 0 | AB62: 0
A63: 23855 | B63: MAGAZINE LUIZA - RUA CORONEL JOSE LOPES, 63 - ZONA COMERCIAL - SPC7082 | C63: PRACA CORONEL JOSE LOPES | D63: 63 | F63: CENTRO | G63: São Vicente | H63: SP | I63: 11310020 | J63: -23.965502 , -46.384159 | K63: SPI 6 | L63: SPI | M63: SPC7082 | N63: Sim | O63: 47960950051974 | P63: 547 | Q63: VAREJO | S63: Loja De Rua | T63: MAGAZINE LUIZA | U63: VAREJO | V63: MAGAZINE LUIZA | W63: MAGAZINE LUIZA | X63: 66 | Y63: A | Z63: 80 | AA63: 0 | AB63: 0
A64: 116049 | B64: MAGAZINE LUIZA - AVENIDA DOM HELDER CAMARA, 5474 - NORTE SHOPPING - RJES261120 | C64: AVENIDA DOM HELDER CAMARA | D64: 5474 | F64: CACHAMBI | G64: Rio de Janeiro | H64: RJ | I64: 20771004 | J64: -22.8865063 , -43.2841953 | K64: RJ ES 2 | L64: RJ ES | M64: RJES261120 | N64: Sim | O64: 47960950183536 | P64: 1638 | Q64: VAREJO | S64: Norte Shopping | T64: MAGAZINE LUIZA | U64: VAREJO | V64: MAGAZINE LUIZA | W64: MAGAZINE LUIZA | X64: 66 | Y64: A | Z64: 80 | AA64: 1 | AB64: 1
A65: 24660 | B65: PONTO FRIO - AVENIDA RIO VERDE, S/N - SHOPPING BURITI - MGCO20092 | C65: AVENIDA RIO VERDE | D65: S/N | E65: LOJA 170 | F65: VILA SAO TOMAZ | G65: Aparecida de Goiânia | H65: GO | I65: 74916260 | J65: -16.741322 , -49.277218 | K65: MG CO 2 | L65: MG CO | M65: MGCO20092 | N65: Sim | O65: 33041260053870 | P65: 527 | Q65: VAREJO | S65: Shopping Buriti | T65: PONTO FRIO | U65: VAREJO | V65: VIA VAREJO | W65: PONTO FRIO | X65: 66 | Y65: A | Z65: 80 | AA65: 1 | AB65: 1
A66: 25302 | B66: TIM - SAI/SO AREA 6580, S/N - PARK SHOPPING - MGCO7172 | C66: OUTROS SAI/SO AREA | D66: 6580 | E66: LOJA 294/ 296 | F66: GUARA | G66: Brasília | H66: DF | I66: 71219900 | J66: -15.833078 , -47.95557 | K66: MG CO 1 | L66: MG CO | M66: MGCO7172 | N66: Sim | O66: 2421421014090 | P66: C063 | Q66: TIM | S66: Park Shopping | T66: TIM LP | U66: OPERADORA | V66: TIM | W66: TIM LP | X66: 66 | Y66: A | Z66: 80 | AA66: 1 | AB66: 1
A67: 25550 | B67: VIVO - RUA LAURO MULLER, 116 - SHOPPING RIO SUL - RJES7211 | C67: RUA LAURO MULLER | D67: 116 | E67: LOJA 301 C33 A/B | F67: BOTAFOGO | G67: Rio de Janeiro | H67: RJ | I67: 22290160 | J67: -22.957312 , -43.176483 | K67: RJ ES 5 | L67: RJ ES | M67: RJES7211 | N67: Sim | O67: 2558157050267 | P67: LOJA RIO SUL RJ | Q67: VIVO | S67: Shopping Rio Sul | T67: VIVO LP | U67: OPERADORA | V67: VIVO | W67: VIVO LP | X67: 66 | Y67: A | Z67: 20 | AA67: 1 | AB67: 0
A68: 20767 | B68: BEMOL - AVENIDA MARGARITA, 1359 - SHOPPING NOVA CIDADE - N42360 | C68: AVENIDA MARGARITA | D68: 1359 | E68: ANCORA 30 | F68: CIDADE NOVA | G68: Manaus | H68: AM | I68: 69097305 | J68: -3.003094 , -59.980789 | K68: N 1 | L68: N | M68: N42360 | N68: Sim | O68: 04565289003596 | P68: Nova Cidade | Q68: VAREJO | S68: Shopping Nova Cidade | T68: BEMOL | U68: VAREJO | V68: BEMOL | W68: BEMOL | X68: 65 | Y68: A | Z68: 80 | AA68: 0 | AB68: 0
A69: 20760 | B69: BEMOL - AVENIDA CAMAPUA, 3105 - ZONA COMERCIAL - N20004 | C69: AVENIDA CAMAPUA | D69: 3105 | F69: CIDADE NOVA | G69: Manaus | H69: AM | I69: 69097720 | J69: -3.0361796, -59.9411948 | K69: N 1 | L69: N | M69: N20004 | N69: Sim | O69: 04565289001119 | P69: Camapuã | Q69: VAREJO | S69: Loja De Rua | T69: BEMOL | U69: VAREJO | V69: BEMOL | W69: BEMOL | X69: 65 | Y69: A | Z69: 80 | AA69: 0 | AB69: 0
A70: 21562 | B70: CASAS BAHIA - RUA 15 DE NOVEMBRO, 149 - ZONA COMERCIAL - SPI6600 | C70: RUA QUINZE DE NOVEMBRO | D70: 149 | E70: L155,157,169,175,181 | F70: CENTRO | G70: São José dos Campos | H70: SP | I70: 12210070 | J70: -23.181986 , -45.887309 | K70: SPI 2 | L70: SPI | M70: SPI6600 | N70: Sim | O70: 33041260125374 | P70: 1082 | Q70: VAREJO | S70: Loja De Rua | T70: CASAS BAHIA | U70: VAREJO | V70: VIA VAREJO | W70: CASAS BAHIA | X70: 65 | Y70: A | Z70: 80 | AA70: 0 | AB70: 0
A71: 21283 | B71: CASAS BAHIA - AVENIDA ARICANDUVA, 5555 (LOJA 1) - SHOPPING ARICANDUVA - SPC7610 | C71: AVENIDA ARICANDUVA | D71: 5555 | E71: ARCOS 1 A 9,ANCORA B | F71: VILA MATILDE | G71: São Paulo | H71: SP | I71: 3527900 | J71: -23.565256 , -46.503628 | K71: SPC 7 | L71: SPC | M71: SPC7610 | N71: Sim | O71: 33041260115654 | P71: 1210 | Q71: VAREJO | S71: Shopping Aricanduva | T71: CASAS BAHIA | U71: VAREJO | V71: VIA VAREJO | W71: CASAS BAHIA | X71: 65 | Y71: A | Z71: 80 | AA71: 0 | AB71: 0
A72: 21319 | B72: CASAS BAHIA - AVENIDA CRISTIANO MACHADO, 11833 - SHOPPING ESTACAO BH - MGCO9907 | C72: AVENIDA CRISTIANO MACHADO | D72: 11833 | E72: NRS 08 | F72: UNIAO | G72: Belo Horizonte | H72: MG | I72: 31744007 | J72: -19.8209292, -43.9480484 | K72: MG CO 3 | L72: MG CO | M72: MGCO9907 | N72: Sim | O72: 33041260130106 | P72: 1681 | Q72: VAREJO | S72: Shopping Estação Bh | T72: CASAS BAHIA | U72: VAREJO | V72: VIA VAREJO | W72: CASAS BAHIA | X72: 65 | Y72: A | Z72: 80 | AA72: 0 | AB72: 0
A73: 21347 | B73: CASAS BAHIA - AVENIDA GOVERNADOR AGAMENON MAGALHAES, 153 - SHOPPING TACARUNA - NE21385 | C73: AVENIDA GOVERNADOR AGAMENON MAGALHAES | D73: 153 | E73: LOJA 4 PAVIMENTO 1 | F73: SANTO AMARO | G73: Recife | H73: PE | I73: 50110900 | J73: -8.037503 , -34.871376 | K73: NE 2 | L73: NE | M73: NE21385 | N73: Sim | O73: 33041260148587 | P73: 1773 | Q73: VAREJO | S73: Shopping Tacaruna | T73: CASAS BAHIA | U73: VAREJO | V73: VIA VAREJO | W73: CASAS BAHIA | X73: 65 | Y73: A | Z73: 80 | AA73: 0 | AB73: 0
A74: 21500 | B74: CASAS BAHIA - ESTRADA DO CAMPO LIMPO, 459 - SHOPPING CAMPO LIMPO - SPC10966 | C74: ESTRADA DO CAMPO LIMPO | D74: 459 | E74: 247,248,P CARLOS C. | F74: VILA PREL | G74: São Paulo | H74: SP | I74: 5777001 | J74: -23.649452 , -46.757221 | K74: SPC 5 | L74: SPC | M74: SPC10966 | N74: Sim | O74: 33041260102080 | P74: 1393 | Q74: VAREJO | S74: Shopping Campo Limpo | T74: CASAS BAHIA | U74: VAREJO | V74: VIA VAREJO | W74: CASAS BAHIA | X74: 65 | Y74: A | Z74: 80 | AA74: 0 | AB74: 0
A75: 21425 | B75: CASAS BAHIA - AVENIDA PERIMETRAL NORTE, 8303 - SHOPPING PASSEIO DAS AGUAS - MGCO9357 | C75: AVENIDA PERIMETRAL NORTE | D75: 8303 | E75: EUC - LSU 07 | F75: FAZ CAVEIRA | G75: Goiânia | H75: GO | I75: 74445360 | J75: -16.630217 , -49.278076 | K75: MG CO 2 | L75: MG CO | M75: MGCO9357 | N75: Sim | O75: 33041260144409 | P75: 1733 | Q75: VAREJO | S75: Shopping Passeio Das Aguas | T75: CASAS BAHIA | U75: VAREJO | V75: VIA VAREJO | W75: CASAS BAHIA | X75: 65 | Y75: A | Z75: 80 | AA75: 1 | AB75: 1
A76: 21625 | B76: CASAS BAHIA - RUA DESEMBARGADOR LAURO NOGUEIRA, 1500 - SHOPPING RIO MAR - NE39576 | C76: RUA DESEMBARGADOR LAURO NOGUEIRA | D76: 1500 | E76: LOJA 1150 PISO L1 | F76: PAPICU | G76: Fortaleza | H76: CE | I76: 60176065 | J76: -3.741124 , -38.471926 | K76: NE 3 | L76: NE | M76: NE39576 | N76: Sim | O76: 33041260146967 | P76: 1756 | Q76: VAREJO | S76: Shopping Rio Mar Fortaleza | T76: CASAS BAHIA | U76: VAREJO | V76: VIA VAREJO | W76: CASAS BAHIA | X76: 65 | Y76: A | Z76: 80 | AA76: 1 | AB76: 1
A77: 21985 | B77: CLARO - RUA 15 DE NOVEMBRO, 8 - SHOPPING PLAZA NITEROI - RJES7228 | C77: RUA XV DE NOVEMBRO | D77: 8 | E77: LOJAS 186 E 187 | F77: CENTRO | G77: Niterói | H77: RJ | I77: 24020125 | J77: -22.897249 , -43.123871 | K77: RJ ES 5 | L77: RJ ES | M77: RJES7228 | N77: Sim | O77: 40432544007150 | P77: 2117 | Q77: CLARO | S77: Shopping Plaza Niteroi | T77: CLARO LP | U77: OPERADORA | V77: CLARO | W77: CLARO LP | X77: 65 | Y77: A | Z77: 80 | AA77: 1 | AB77: 1
A78: 21919 | B78: CLARO - AVENIDA PRESIDENTE KENNEDY, 4121 - SHOPPING PALLADIUM - SUL7363 | C78: AVENIDA PRESIDENTE KENNEDY | D78: 4121 | E78: LJ1117/1118,PISO L 1 | F78: PORTAO | G78: Curitiba | H78: PR | I78: 80610905 | J78: -25.477798 , -49.290783 | K78: SUL 3 | L78: SUL | M78: SUL7363 | N78: Sim | O78: 40432544025212 | P78: 4109 | Q78: CLARO | S78: Shopping Palladium | T78: CLARO LP | U78: OPERADORA | V78: CLARO | W78: CLARO LP | X78: 65 | Y78: A | Z78: 80 | AA78: 1 | AB78: 1
A79: 21831 | B79: CLARO - AVENIDA DAS AMERICAS, 4666 - BARRA SHOPPING - RJES7001 | C79: AVENIDA DAS AMERICAS | D79: 4666 | E79: LOJA 227 B E C | F79: BARRA DA TIJUCA | G79: Rio de Janeiro | H79: RJ | I79: 22640102 | J79: -22.99758 , -43.358112 | K79: RJ ES 3 | L79: RJ ES | M79: RJES7001 | N79: Sim | O79: 40432544006005 | P79: 2104 | Q79: CLARO | S79: Barra Shopping | T79: CLARO LP | U79: OPERADORA | V79: CLARO | W79: CLARO LP | X79: 65 | Y79: A | Z79: 20 | AA79: 1 | AB79: 0
A80: 22507 | B80: FUJIOKA - AVENIDA DEPUTADO JAMEL CECILIO, 3300 - SHOPPING FLAMBOYANT - MGCO6841 | C80: AVENIDA DEPUTADO JAMEL CECILIO | D80: 3300 | E80: SEM COMPLEMENTO | F80: JARDIM GOIAS | G80: Goiânia | H80: GO | I80: 74810907 | J80: -16.706965 , -49.237703 | K80: MG CO 2 | L80: MG CO | M80: MGCO6841 | N80: Sim | O80: 1008713001055 | P80: FLAMBOYANT | Q80: VAREJO | S80: Shopping Flamboyant | T80: FUJIOKA | U80: VAREJO | V80: FUJIOKA | W80: FUJIOKA | X80: 65 | Y80: A | Z80: 80 | AA80: 1 | AB80: 1
A81: 22902 | B81: LOJAS AMERICANAS - AVENIDA ARNIQUEIRA QS 1 RUA 210 LOTE 40, S/N - SHOPPING TAGUATINGA - MGCO5704 | C81: RUA DUZENTOS E DEZ, QS 1, LOTE 40 | D81: S/N | E81: LJS.2006 A 2010 | F81: TAGUATINGA | G81: Brasília | H81: DF | I81: 71950904 | J81: -15.84151 , -48.044277 | K81: MG CO 1 | L81: MG CO | M81: MGCO5704 | N81: Sim | O81: 776574072815 | P81: L185 | Q81: VAREJO | S81: Shopping Taguatinga | T81: LOJAS AMERICANAS | U81: VAREJO | V81: LOJAS AMERICANAS | W81: LOJAS AMERICANAS | X81: 65 | Y81: A | Z81: 80 | AA81: 1 | AB81: 1
... A84: 28635 | B84: LOJAS AMERICANAS - RUA LAURO MULLER, 116 - SHOPPING RIO SUL - RJES6153 | C84: RUA LAURO MULLER | D84: 116 | E84: LJ 401 | F84: BOTAFOGO | G84: Rio de Janeiro | H84: RJ | I84: 22290160 | J84: -22.957312 , -43.176483 | K84: RJ ES 5 | L84: RJ ES | M84: RJES6153 | N84: Sim | O84: 776574185504 | P84: L010 | Q84: VAREJO | S84: Shopping Rio Sul | T84: LOJAS AMERICANAS | U84: VAREJO | V84: LOJAS AMERICANAS | W84: LOJAS AMERICANAS | X84: 65 | Y84: A | Z84: 80 | AA84: 1 | AB84: 1
A85: 86740 | B85: LOJAS AMERICANAS - JOAO WALLIG, 1800 - SHOPPING IGUATEMI PORTO ALEGRE - SUL242020 | C85: JOAO WALLIG | D85: 1800 | G85: Porto Alegre | H85: RS | I85: 91349900 | J85: -30.0251223, -51.1624198 | K85: SUL 2 | L85: SUL | M85: SUL242020 | N85: Sim | O85: 776574175541 | P85: 1523 | Q85: VAREJO | S85: Shopping Iguatemi Porto Alegre | T85: LOJAS AMERICANAS | U85: VAREJO | V85: LOJAS AMERICANAS | W85: LOJAS AMERICANAS | X85: 65 | Y85: A | Z85: 80 | AA85: 1 | AB85: 1
A86: 23896 | B86: MAGAZINE LUIZA - RUA GERMANO FRANCK, 300 - SHOPPING PARANGABA - NE9898 | C86: RUA GERMANO FRANCK | D86: 300 | E86: LOJAS 301, 302 E 372 | F86: PARANGABA | G86: Fortaleza | H86: CE | I86: 60740020 | J86: -3.775922 , -38.562157 | K86: NE 3 | L86: NE | M86: NE9898 | N86: Sim | O86: 47960950090600 | P86: 743 | Q86: VAREJO | S86: Shopping Parangaba | T86: MAGAZINE LUIZA | U86: VAREJO | V86: MAGAZINE LUIZA | W86: MAGAZINE LUIZA | X86: 65 | Y86: A | Z86: 80 | AA86: 0 | AB86: 0
A87: 23573 | B87: MAGAZINE LUIZA - AVENIDA ANDROMEDA, 227 - SHOPPING VALE SUL - SPI8582 | C87: AVENIDA ANDROMEDA | D87: 227 | E87: SUC 27 | F87: JARDIM SATELITE | G87: São José dos Campos | H87: SP | I87: 12230000 | J87: -23.216492 , -45.892883 | K87: SPI 2 | L87: SPI | M87: SPI8582 | N87: Sim | O87: 47960950011832 | P87: 104 | Q87: VAREJO | S87: Shopping Vale Sul | T87: MAGAZINE LUIZA | U87: VAREJO | V87: MAGAZINE LUIZA | W87: MAGAZINE LUIZA | X87: 65 | Y87: A | Z87: 80 | AA87: 1 | AB87: 1
A88: 106148 | B88: MAGAZINE LUIZA - AVENIDA GOVERNADOR AMARAL PEIXOTO, 490 - RJES250080 | C88: AVENIDA GOVERNADOR AMARAL PEIXOTO | D88: 490 | F88: CENTRO | G88: Nova Iguaçu | H88: RJ | I88: 26210060 | J88: -22.7582791,-43.4539802 | K88: RJ ES 1 | L88: RJ ES | M88: RJES250080 | N88: Sim | O88: 47960950175860 | P88: 1624 | Q88: VAREJO | S88: Loja De Rua | T88: MAGAZINE LUIZA | U88: VAREJO | V88: MAGAZINE LUIZA | W88: MAGAZINE LUIZA | X88: 65 | Y88: A | Z88: 80 | AA88: 0 | AB88: 0
A89: 23863 | B89: MAGAZINE LUIZA - RUA DESEMBARGADOR LAURO NOGUEIRA, 1500 - SHOPPING RIO MAR - NE39572 | C89: RUA DESEMBARGADOR LAURO NOGUEIRA | D89: 1500 | F89: PAPICU | G89: Fortaleza | H89: CE | I89: 60175055 | J89: -3.7411363 , -38.4717768 | K89: NE 3 | L89: NE | M89: NE39572 | N89: Sim | O89: 47960950092301 | P89: 727 | Q89: VAREJO | S89: Shopping Rio Mar Fortaleza | T89: MAGAZINE LUIZA | U89: VAREJO | V89: MAGAZINE LUIZA | W89: MAGAZINE LUIZA | X89: 65 | Y89: A | Z89: 80 | AA89: 1 | AB89: 1
A90: 24601 | B90: PONTO FRIO - AVENIDA CRISTIANO MACHADO, 4000 - SHOPPING MINAS - MGCO7445 | C90: AVENIDA CRISTIANO MACHADO | D90: 4000 | E90: LOJAS 157,401 E 404 | F90: UNIAO | G90: Belo Horizonte | H90: MG | I90: 31910900 | J90: -19.873602 , -43.926262 | K90: MG CO 3 | L90: MG CO | M90: MGCO7445 | N90: Sim | O90: 33041260014548 | P90: 114 | Q90: VAREJO | S90: Shopping Minas | T90: PONTO FRIO | U90: VAREJO | V90: VIA VAREJO | W90: PONTO FRIO | X90: 65 | Y90: A | Z90: 80 | AA90: 1 | AB90: 1
A91: 24716 | B91: PONTO FRIO - RUA CURITIBA, 627 - ZONA COMERCIAL - MGCO7452 | C91: RUA CURITIBA | D91: 627 | F91: CENTRO | G91: Belo Horizonte | H91: MG | I91: 30170120 | J91: -19.918211 , -43.941048 | K91: MG CO 3 | L91: MG CO | M91: MGCO7452 | N91: Sim | O91: 33041260036274 | P91: 361 | Q91: VAREJO | S91: Loja De Rua | T91: PONTO FRIO | U91: VAREJO | V91: VIA VAREJO | W91: PONTO FRIO | X91: 65 | Y91: A | Z91: 80 | AA91: 0 | AB91: 0
A92: 21325 | B92: CASAS BAHIA - AVENIDA DEPUTADO BENEDITO MATARAZZO, 9403 - SHOPPING CENTER VALE - SPI6590 | C92: AVENIDA DEPUTADO BENEDITO MATARAZZO | D92: 9403 | E92: LUC C1 | F92: JARDIM OSWALDO CRUZ | G92: São José dos Campos | H92: SP | I92: 12215900 | J92: -23.199856 , -45.881199 | K92: SPI 2 | L92: SPI | M92: SPI6590 | N92: Sim | O92: 33041260124726 | P92: 1371 | Q92: VAREJO | S92: Shopping Center Vale | T92: CASAS BAHIA | U92: VAREJO | V92: VIA VAREJO | W92: CASAS BAHIA | X92: 64 | Y92: A | Z92: 80 | AA92: 0 | AB92: 0
A93: 21275 | B93: CASAS BAHIA - AVENIDA ANDROMEDA, 227 - SHOPPING VALE SUL - SPI65158 | C93: AVENIDA ANDROMEDA | D93: 227 | E93: SUC 099C | F93: JARDIM SATELITE | G93: São José dos Campos | H93: SP | I93: 12230000 | J93: -23.216492 , -45.892883 | K93: SPI 2 | L93: SPI | M93: SPI65158 | N93: Sim | O93: 33041260151618 | P93: 1786 | Q93: VAREJO | S93: Shopping Vale Sul | T93: CASAS BAHIA | U93: VAREJO | V93: VIA VAREJO | W93: CASAS BAHIA | X93: 64 | Y93: A | Z93: 80 | AA93: 1 | AB93: 1
A94: 21600 | B94: CASAS BAHIA - RUA CAPITAO JOSE LEITE, 125 - ZONA COMERCIAL - SPC20137 | C94: RUA CAPITAO JOSE LEITE | D94: 110 | F94: CENTRO | G94: Itaquaquecetuba | H94: SP | I94: 8570030 | J94: -23.475452 , -46.352016 | K94: SPC 2 | L94: SPC | M94: SPC20137 | N94: Sim | O94: 33041260104539 | P94: 1286 | Q94: VAREJO | S94: Loja De Rua | T94: CASAS BAHIA | U94: VAREJO | V94: VIA VAREJO | W94: CASAS BAHIA | X94: 64 | Y94: A | Z94: 80 | AA94: 0 | AB94: 0
A95: 32122 | B95: CLARICELL - AVENIDA ROQUE PETRONI JUNIOR, 1089 - SHOPPING MORUMBI - SPC235640 | C95: AVENIDA ROQUE PETRONI JUNIOR | D95: 1089 | F95: JARDIM DAS ACACIAS | G95: São Paulo | H95: SP | I95: 4707900 | J95: -23.6233618, -46.6988352 | K95: SPC 8 | L95: SPC | M95: SPC235640 | N95: Sim | O95: 21848907001157 | Q95: CLARO | S95: Shopping Morumbi | T95: CLARO AA | U95: OPERADORA | V95: CLARO | W95: CLARO AA | X95: 64 | Y95: A | Z95: 20 | AA95: 1 | AB95: 0
A96: 21864 | B96: CLARO - AVENIDA HIGIENOPOLIS, 618 - SHOPPING PATIO HIGIENOPOLIS - SPC7265 | C96: AVENIDA HIGIENOPOLIS | D96: 618 | E96: LOJA 339,339 A | F96: HIGIENOPOLIS | G96: São Paulo | H96: SP | I96: 1238000 | J96: -23.54224 , -46.657406 | K96: SPC 3 | L96: SPC | M96: SPC7265 | N96: Sim | O96: 40432544012315 | P96: 1112 | Q96: CLARO | S96: Shopping Patio Higienopolis | T96: CLARO LP | U96: OPERADORA | V96: CLARO | W96: CLARO LP | X96: 64 | Y96: A | Z96: 20 | AA96: 1 | AB96: 0
A97: 21835 | B97: CLARO - AVENIDA DEPUTADO JAMEL CECILIO, 3300 - SHOPPING FLAMBOYANT - MGCO6842 | C97: AVENIDA JAMEL CECILIO | D97: 3300 | E97: QD.B34-LT.2E,LJ130 | F97: JARDIM GOIÁS | G97: Goiânia | H97: GO | I97: 74810907 | J97: -16.710098 , -49.236404 | K97: MG CO 2 | L97: MG CO | M97: MGCO6842 | N97: Sim | O97: 40432544049669 | P97: 6202 | Q97: CLARO | S97: Shopping Flamboyant | T97: CLARO LP | U97: OPERADORA | V97: CLARO | W97: CLARO LP | X97: 64 | Y97: A | Z97: 80 | AA97: 1 | AB97: 1
A98: 21951 | B98: CLARO - CNB 01 SDN CNB CONJUNTO A T119, S/N - SHOPPING CONJUNTO NACIONAL - MGCO42273 | C98: OUTROS SDN CNB CONJUNTO A | D98: S/N | E98: LOJA T-40 | F98: ASA NORTE | G98: Brasília | H98: DF | I98: 70077900 | J98: -15.79141 , -47.883083 | K98: MG CO 1 | L98: MG CO | M98: MGCO42273 | N98: Sim | O98: 40432544047704 | P98: 6113 | Q98: CLARO | S98: Shopping Conjunto Nacional | T98: CLARO LP | U98: OPERADORA | V98: CLARO | W98: CLARO LP | X98: 64 | Y98: A | Z98: 80 | AA98: 1 | AB98: 1
A99: 22033 | B99: CLARO - RUA LAURO MULLER, 116 - SHOPPING RIO SUL - RJES7209 | C99: RUA LAURO MULLER | D99: 116 | E99: LOJA 101 | F99: BOTAFOGO | G99: Rio de Janeiro | H99: RJ | I99: 22290160 | J99: -22.957312 , -43.176483 | K99: RJ ES 5 | L99: RJ ES | M99: RJES7209 | N99: Sim | O99: 40432544006188 | P99: 2118 | Q99: CLARO | S99: Shopping Rio Sul | T99: CLARO LP | U99: OPERADORA | V99: CLARO | W99: CLARO LP | X99: 64 | Y99: A | Z99: 80 | AA99: 1 | AB99: 1
A100: 22537 | B100: FUJIOKA - SDN CNB CONJUNTO A T119, 2149 (S 61) - SHOPPING CONJUNTO NACIONAL - MGCO11383 | C100: OUTROS SDN CNB CONJUNTO A | D100: S/N | E100: LOJA S16 | F100: ASA NORTE | G100: Brasília | H100: DF | I100: 70077900 | J100: -15.79141 , -47.883083 | K100: MG CO 1 | L100: MG CO | M100: MGCO11383 | N100: Sim | O100: 01008713010046 | P100: S61 | Q100: VAREJO | S100: Shopping Conjunto Nacional | T100: FUJIOKA | U100: VAREJO | V100: FUJIOKA | W100: FUJIOKA | X100: 64 | Y100: A | Z100: 80 | AA100: 1 | AB100: 1
A101: 23357 | B101: LOJAS AMERICANAS - SAI/SO AREA 6580, S/N - PARK SHOPPING - MGCO19220 | C101: SAI/SO AREA 6580 | D101: S/N | E101: SEM COMPLEMENTO | F101: GUARA | G101: Brasília | H101: DF | I101: 71219900 | J101: -15.8335067 , -47.9552839 | K101: MG CO 1 | L101: MG CO | M101: MGCO19220 | N101: Sim | O101: 776574072734 | P101: L146 | Q101: VAREJO | S101: Park Shopping | T101: LOJAS AMERICANAS | U101: VAREJO | V101: LOJAS AMERICANAS | W101: LOJAS AMERICANAS | X101: 64 | Y101: A | Z101: 80 | AA101: 1 | AB101: 1
A102: 23767 | B102: MAGAZINE LUIZA - GENERAL OSORIO, 484 - ZONA COMERCIAL - SPI10722 | C102: RUA GENERAL OSORIO | D102: 484 | E102: LOJA | F102: CENTRO | G102: Ribeirão Preto | H102: SP | I102: 14010000 | J102: -21.175198 , -47.809368 | K102: SPI 3 | L102: SPI | M102: SPI10722 | N102: Sim | O102: 47960950006596 | P102: 54 | Q102: VAREJO | S102: Loja De Rua | T102: MAGAZINE LUIZA | U102: VAREJO | V102: MAGAZINE LUIZA | W102: MAGAZINE LUIZA | X102: 64 | Y102: A | Z102: 80 | AA102: 0 | AB102: 0
A103: 23798 | B103: MAGAZINE LUIZA - RODOVIA SC 401, 3116 - FLORIPA SHOPPING - SUL6315 | C103: RODOVIA SC-401 | D103: 3116 | E103: AREA 2 | F103: SACO GRANDE | G103: Florianópolis | H103: SC | I103: 88030005 | J103: -27.55411 , -48.498417 | K103: SUL 1 | L103: SUL | M103: SUL6315 | N103: Sim | O103: 47960950041405 | P103: 374 | Q103: VAREJO | S103: Floripa Shopping | T103: MAGAZINE LUIZA | U103: VAREJO | V103: MAGAZINE LUIZA | W103: MAGAZINE LUIZA | X103: 64 | Y103: A | Z103: 80 | AA103: 0 | AB103: 0
A104: 23701 | B104: MAGAZINE LUIZA - AVENIDA PRAIA DE BELAS, 1181 - PRAIA DE BELAS SHOPPING CENTER - SUL7569 | C104: AVENIDA PRAIA DE BELAS | D104: 1181 | E104: SALAS 94, 95 E 96 | F104: PRAIA DE BELAS | G104: Porto Alegre | H104: RS | I104: 90110001 | J104: -30.050005 , -51.22847 | K104: SUL 5 | L104: SUL | M104: SUL7569 | N104: Sim | O104: 47960950030209 | P104: 412 | Q104: VAREJO | S104: Praia De Belas Shopping Center | T104: MAGAZINE LUIZA | U104: VAREJO | V104: MAGAZINE LUIZA | W104: MAGAZINE LUIZA | X104: 64 | Y104: A | Z104: 80 | AA104: 1 | AB104: 1
A105: 23967 | B105: MAGAZINE LUIZA - SDN CNB CONJUNTO A, S/N - SHOPPING CONJUNTO NACIONAL - MGCO233810 | C105: SDN CNB CONJUNTO A | D105: S/N | E105: LOJA T01 PISO TÉRREO | F105: ASA NORTE | G105: Brasília | H105: DF | I105: 70077900 | J105: -15.792148084740338, -47.88308750462573 | K105: MG CO 1 | L105: MG CO | M105: MGCO233810 | N105: Sim | O105: 47960950134080 | P105: 1531 | Q105: VAREJO | S105: Shopping Conjunto Nacional | T105: MAGAZINE LUIZA | U105: VAREJO | V105: MAGAZINE LUIZA | W105: MAGAZINE LUIZA | X105: 64 | Y105: A | Z105: 80 | AA105: 1 | AB105: 1
A106: 107616 | B106: MAGAZINE LUIZA - TRAVESSA CASALBUONO, 120 - SHOPPING CENTER NORTE - SPC254320 | C106: TRAVESSA CASALBUONO | D106: 500 | E106: LOJA 414-A | F106: VILA GUILHERME | G106: São Paulo | H106: SP | I106: 2049900 | J106: -23.5155661, -46.618134 | K106: SPC 6 | L106: SPC | M106: SPC254320 | N106: Sim | O106: 47960950172330 | P106: 1553 | Q106: VAREJO | S106: Shopping Center Norte | T106: MAGAZINE LUIZA | U106: VAREJO | V106: MAGAZINE LUIZA | W106: MAGAZINE LUIZA | X106: 64 | Y106: A | Z106: 20 | AA106: 1 | AB106: 0
A107: 23888 | B107: MAGAZINE LUIZA - RUA FELIPE SCHIMITD, 162 - ZONA COMERCIAL - SUL7580 | C107: RUA FELIPE SCHMIDT | D107: 162 | F107: CENTRO | G107: Florianópolis | H107: SC | I107: 88010000 | J107: -27.596724095403673 , -48.551497123144145 | K107: SUL 1 | L107: SUL | M107: SUL7580 | N107: Sim | O107: 47960950041316 | P107: 375 | Q107: VAREJO | S107: Loja De Rua | T107: MAGAZINE LUIZA | U107: VAREJO | V107: MAGAZINE LUIZA | W107: MAGAZINE LUIZA | X107: 64 | Y107: A | Z107: 80 | AA107: 0 | AB107: 0
A108: 92920 | B108: MAGAZINE LUIZA - AVENIDA PRESIDENTE KENNEDY, 4121 - SHOPPING PALLADIUM - SUL245710 | C108: AVENIDA PRESIDENTE KENNEDY | D108: 4121 | F108: PORTÃO | G108: CURITIBA | H108: PR | I108: 80610905 | J108: -25.477798 , -49.290783 | K108: SUL 3 | L108: SUL | M108: SUL245710 | N108: Sim | O108: 47960950178885 | P108: 1544 | Q108: VAREJO | S108: Shopping Palladium | T108: MAGAZINE LUIZA | U108: VAREJO | V108: MAGAZINE LUIZA | W108: MAGAZINE LUIZA | X108: 64 | Y108: A | Z108: 20 | AA108: 1 | AB108: 0
A109: 25138 | B109: TIM - AVENIDA CANDIDO DE ABREU, 127 - SHOPPING MUELLER - SUL7206 | C109: AVENIDA CANDIDO DE ABREU | D109: 127 | E109: LOJA 48/49/50 | F109: CENTRO CIVICO | G109: Curitiba | H109: PR | I109: 80530900 | J109: -25.423426 , -49.270657 | K109: SUL 4 | L109: SUL | M109: SUL7206 | N109: Sim | O109: 2421421020902 | P109: C205 | Q109: TIM | S109: Shopping Mueller | T109: TIM LP | U109: OPERADORA | V109: TIM | W109: TIM LP | X109: 64 | Y109: A | Z109: 80 | AA109: 1 | AB109: 1
A110: 25215 | B110: TIM - AVENIDA ROQUE PETRONI JUNIOR, 1089 - SHOPPING MORUMBI - SPC7256 | C110: AVENIDA ROQUE PETRONI JUNIOR | D110: 1089 | E110: LOJA 90 PISO TERREO | F110: VILA GERTRUDES | G110: São Paulo | H110: SP | I110: 4707900 | J110: -23.623056 , -46.698708 | K110: SPC 8 | L110: SPC | M110: SPC7256 | N110: Sim | O110: 2421421012802 | P110: C083 | Q110: TIM | S110: Shopping Morumbi | T110: TIM LP | U110: OPERADORA | V110: TIM | W110: TIM LP | X110: 64 | Y110: A | Z110: 20 | AA110: 1 | AB110: 0
A111: 25492 | B111: VIVO - AVENIDA WASHINGTON SOARES, 85 - SHOPPING IGUATEMI FORTALEZA - NE5579 | C111: AVENIDA WASHINGTON SOARES | D111: 85 | E111: LOJA 31 E 32 | F111: AGUA FRIA | G111: Fortaleza | H111: CE | I111: 60811340 | J111: -3.757436 , -38.488136 | K111: NE 3 | L111: NE | M111: NE5579 | N111: Sim | O111: 2558157026633 | P111: LOJA IGUATEMI FORTALEZA CE | Q111: VIVO | S111: Shopping Iguatemi Fortaleza | T111: VIVO LP | U111: OPERADORA | V111: VIVO | W111: VIVO LP | X111: 64 | Y111: A | Z111: 20 | AA111: 1 | AB111: 0
A112: 25408 | B112: VIVO - AVENIDA DOM HELDER CAMARA, 5474 - NORTE SHOPPING - RJES7216 | C112: AVENIDA DOM HELDER CAMARA | D112: 5474 | E112: LOJA S 3503 | F112: PILARES | G112: Rio de Janeiro | H112: RJ | I112: 20771004 | J112: -22.887066 , -43.284348 | K112: RJ ES 2 | L112: RJ ES | M112: RJES7216 | N112: Sim | O112: 2558157022484 | P112: LOJA NORTE SHOPPING RJ | Q112: VIVO | S112: Norte Shopping | T112: VIVO LP | U112: OPERADORA | V112: VIVO | W112: VIVO LP | X112: 64 | Y112: A | Z112: 80 | AA112: 1 | AB112: 1
A113: 21123 | B113: CARREFOUR - AVENIDA DOM HELDER CAMARA, 5474 - NORTE SHOPPING - RJES7538 | C113: AVENIDA DOM HELDER CAMARA | D113: 5474 | E113: LOJA A | F113: PILARES | G113: Rio de Janeiro | H113: RJ | I113: 20771004 | J113: -22.887066 , -43.284348 | K113: RJ ES 2 | L113: RJ ES | M113: RJES7538 | N113: Sim | O113: 45543915001404 | P113: RJS | Q113: VAREJO | S113: Norte Shopping | T113: CARREFOUR | U113: VAREJO | V113: CARREFOUR | W113: CARREFOUR | X113: 63 | Y113: A | Z113: 80 | AA113: 1 | AB113: 1
A114: 21535 | B114: CASAS BAHIA - PRESIDENTE KENEDY, 1409 - ZONA COMERCIAL - RJES7510 | C114: AVENIDA GOVERNADOR LEONEL DE MOURA BRIZOLA | D114: 1499 | E114: AV. PRES. KENNEDY | F114: CENTRO | G114: Duque de Caxias | H114: RJ | I114: 25010009 | J114: -22.788627 , -43.310728 | K114: RJ ES 1 | L114: RJ ES | M114: RJES7510 | N114: Sim | O114: 33041260079917 | P114: 1171 | Q114: VAREJO | S114: Loja De Rua | T114: CASAS BAHIA | U114: VAREJO | V114: VIA VAREJO | W114: CASAS BAHIA | X114: 63 | Y114: A | Z114: 80 | AA114: 0 | AB114: 0
...
